"","p.IP","p.PC","freq.mntr","enr.shape","out.mean","fut.mix.prob","eff.mix.prob","inf.mix.prob","cred.tail","max.ss","min.ss","reps"
"1",0.36,0.39,2,1,4,0,115,0.5,0.05,100,50,22
"2",0.39,0.39,2,1,4,0,115,0.5,0.05,100,50,22
"3",0.42,0.39,2,1,4,0,115,0.5,0.05,100,50,22
"4",0.45,0.39,2,1,4,0,115,0.5,0.05,100,50,22
"5",0.48,0.39,2,1,4,0,115,0.5,0.05,100,50,22
"6",0.51,0.39,2,1,4,0,115,0.5,0.05,100,50,22
"7",0.54,0.39,2,1,4,0,115,0.5,0.05,100,50,22
"8",0.36,0.39,2,1,4,0,115,0.5,0.05,100,50,22
"9",0.39,0.39,2,1,4,0,115,0.5,0.05,100,50,22
"10",0.42,0.39,2,1,4,0,115,0.5,0.05,100,50,22
"11",0.45,0.39,2,1,4,0,115,0.5,0.05,100,50,22
"12",0.48,0.39,2,1,4,0,115,0.5,0.05,100,50,22
"13",0.51,0.39,2,1,4,0,115,0.5,0.05,100,50,22
"14",0.54,0.39,2,1,4,0,115,0.5,0.05,100,50,22
"15",0.36,0.39,2,1,4,0,115,0.5,0.05,100,50,22
"16",0.39,0.39,2,1,4,0,115,0.5,0.05,100,50,22
"17",0.42,0.39,2,1,4,0,115,0.5,0.05,100,50,22
"18",0.45,0.39,2,1,4,0,115,0.5,0.05,100,50,22
"19",0.48,0.39,2,1,4,0,115,0.5,0.05,100,50,22
"20",0.51,0.39,2,1,4,0,115,0.5,0.05,100,50,22
"21",0.54,0.39,2,1,4,0,115,0.5,0.05,100,50,22
"22",0.36,0.39,2,1,4,0,115,0.5,0.05,100,50,22
"23",0.39,0.39,2,1,4,0,115,0.5,0.05,100,50,22
"24",0.42,0.39,2,1,4,0,115,0.5,0.05,100,50,22
"25",0.45,0.39,2,1,4,0,115,0.5,0.05,100,50,22
"26",0.48,0.39,2,1,4,0,115,0.5,0.05,100,50,22
"27",0.51,0.39,2,1,4,0,115,0.5,0.05,100,50,22
"28",0.54,0.39,2,1,4,0,115,0.5,0.05,100,50,22
"29",0.36,0.39,2,1,4,0,115,0.5,0.05,100,50,22
"30",0.39,0.39,2,1,4,0,115,0.5,0.05,100,50,22
"31",0.42,0.39,2,1,4,0,115,0.5,0.05,100,50,22
"32",0.45,0.39,2,1,4,0,115,0.5,0.05,100,50,22
"33",0.48,0.39,2,1,4,0,115,0.5,0.05,100,50,22
"34",0.51,0.39,2,1,4,0,115,0.5,0.05,100,50,22
"35",0.54,0.39,2,1,4,0,115,0.5,0.05,100,50,22
"36",0.36,0.39,2,1,4,0,115,0.5,0.05,100,50,22
"37",0.39,0.39,2,1,4,0,115,0.5,0.05,100,50,22
"38",0.42,0.39,2,1,4,0,115,0.5,0.05,100,50,22
"39",0.45,0.39,2,1,4,0,115,0.5,0.05,100,50,22
"40",0.48,0.39,2,1,4,0,115,0.5,0.05,100,50,22
"41",0.51,0.39,2,1,4,0,115,0.5,0.05,100,50,22
"42",0.54,0.39,2,1,4,0,115,0.5,0.05,100,50,22
"43",0.36,0.39,2,1,4,0,115,0.5,0.05,100,50,22
"44",0.39,0.39,2,1,4,0,115,0.5,0.05,100,50,22
"45",0.42,0.39,2,1,4,0,115,0.5,0.05,100,50,22
"46",0.45,0.39,2,1,4,0,115,0.5,0.05,100,50,22
"47",0.48,0.39,2,1,4,0,115,0.5,0.05,100,50,22
"48",0.51,0.39,2,1,4,0,115,0.5,0.05,100,50,22
"49",0.54,0.39,2,1,4,0,115,0.5,0.05,100,50,22
"50",0.36,0.39,2,1,4,0,115,0.5,0.05,100,50,22
"51",0.39,0.39,2,1,4,0,115,0.5,0.05,100,50,22
"52",0.42,0.39,2,1,4,0,115,0.5,0.05,100,50,22
"53",0.45,0.39,2,1,4,0,115,0.5,0.05,100,50,22
"54",0.48,0.39,2,1,4,0,115,0.5,0.05,100,50,22
"55",0.51,0.39,2,1,4,0,115,0.5,0.05,100,50,22
"56",0.54,0.39,2,1,4,0,115,0.5,0.05,100,50,22
"57",0.36,0.39,2,1,4,0,115,0.5,0.05,100,50,22
"58",0.39,0.39,2,1,4,0,115,0.5,0.05,100,50,22
"59",0.42,0.39,2,1,4,0,115,0.5,0.05,100,50,22
"60",0.45,0.39,2,1,4,0,115,0.5,0.05,100,50,22
"61",0.48,0.39,2,1,4,0,115,0.5,0.05,100,50,22
"62",0.51,0.39,2,1,4,0,115,0.5,0.05,100,50,22
"63",0.54,0.39,2,1,4,0,115,0.5,0.05,100,50,22
"64",0.36,0.39,2,1,4,0,115,0.5,0.05,100,50,22
"65",0.39,0.39,2,1,4,0,115,0.5,0.05,100,50,22
"66",0.42,0.39,2,1,4,0,115,0.5,0.05,100,50,22
"67",0.45,0.39,2,1,4,0,115,0.5,0.05,100,50,22
"68",0.48,0.39,2,1,4,0,115,0.5,0.05,100,50,22
"69",0.51,0.39,2,1,4,0,115,0.5,0.05,100,50,22
"70",0.54,0.39,2,1,4,0,115,0.5,0.05,100,50,22
"71",0.36,0.39,2,1,4,0,115,0.5,0.05,100,50,22
"72",0.39,0.39,2,1,4,0,115,0.5,0.05,100,50,22
"73",0.42,0.39,2,1,4,0,115,0.5,0.05,100,50,22
"74",0.45,0.39,2,1,4,0,115,0.5,0.05,100,50,22
"75",0.48,0.39,2,1,4,0,115,0.5,0.05,100,50,22
"76",0.51,0.39,2,1,4,0,115,0.5,0.05,100,50,22
"77",0.54,0.39,2,1,4,0,115,0.5,0.05,100,50,22
"78",0.36,0.39,2,1,4,0,115,0.5,0.05,100,50,22
"79",0.39,0.39,2,1,4,0,115,0.5,0.05,100,50,22
"80",0.42,0.39,2,1,4,0,115,0.5,0.05,100,50,22
"81",0.45,0.39,2,1,4,0,115,0.5,0.05,100,50,22
"82",0.48,0.39,2,1,4,0,115,0.5,0.05,100,50,22
"83",0.51,0.39,2,1,4,0,115,0.5,0.05,100,50,22
"84",0.54,0.39,2,1,4,0,115,0.5,0.05,100,50,22
"85",0.36,0.39,2,1,4,0,115,0.5,0.05,100,50,22
"86",0.39,0.39,2,1,4,0,115,0.5,0.05,100,50,22
"87",0.42,0.39,2,1,4,0,115,0.5,0.05,100,50,22
"88",0.45,0.39,2,1,4,0,115,0.5,0.05,100,50,22
"89",0.48,0.39,2,1,4,0,115,0.5,0.05,100,50,22
"90",0.51,0.39,2,1,4,0,115,0.5,0.05,100,50,22
"91",0.54,0.39,2,1,4,0,115,0.5,0.05,100,50,22
"92",0.36,0.39,2,1,4,0,115,0.5,0.05,100,50,22
"93",0.39,0.39,2,1,4,0,115,0.5,0.05,100,50,22
"94",0.42,0.39,2,1,4,0,115,0.5,0.05,100,50,22
"95",0.45,0.39,2,1,4,0,115,0.5,0.05,100,50,22
"96",0.48,0.39,2,1,4,0,115,0.5,0.05,100,50,22
"97",0.51,0.39,2,1,4,0,115,0.5,0.05,100,50,22
"98",0.54,0.39,2,1,4,0,115,0.5,0.05,100,50,22
"99",0.36,0.39,2,1,4,0,115,0.5,0.05,100,50,22
"100",0.39,0.39,2,1,4,0,115,0.5,0.05,100,50,22
"101",0.42,0.39,2,1,4,0,115,0.5,0.05,100,50,22
"102",0.45,0.39,2,1,4,0,115,0.5,0.05,100,50,22
"103",0.48,0.39,2,1,4,0,115,0.5,0.05,100,50,22
"104",0.51,0.39,2,1,4,0,115,0.5,0.05,100,50,22
"105",0.54,0.39,2,1,4,0,115,0.5,0.05,100,50,22
"106",0.36,0.39,2,1,4,0,115,0.5,0.05,100,50,22
"107",0.39,0.39,2,1,4,0,115,0.5,0.05,100,50,22
"108",0.42,0.39,2,1,4,0,115,0.5,0.05,100,50,22
"109",0.45,0.39,2,1,4,0,115,0.5,0.05,100,50,22
"110",0.48,0.39,2,1,4,0,115,0.5,0.05,100,50,22
"111",0.51,0.39,2,1,4,0,115,0.5,0.05,100,50,22
"112",0.54,0.39,2,1,4,0,115,0.5,0.05,100,50,22
"113",0.36,0.39,2,1,4,0,115,0.5,0.05,100,50,22
"114",0.39,0.39,2,1,4,0,115,0.5,0.05,100,50,22
"115",0.42,0.39,2,1,4,0,115,0.5,0.05,100,50,22
"116",0.45,0.39,2,1,4,0,115,0.5,0.05,100,50,22
"117",0.48,0.39,2,1,4,0,115,0.5,0.05,100,50,22
"118",0.51,0.39,2,1,4,0,115,0.5,0.05,100,50,22
"119",0.54,0.39,2,1,4,0,115,0.5,0.05,100,50,22
"120",0.36,0.39,2,1,4,0,115,0.5,0.05,100,50,22
"121",0.39,0.39,2,1,4,0,115,0.5,0.05,100,50,22
"122",0.42,0.39,2,1,4,0,115,0.5,0.05,100,50,22
"123",0.45,0.39,2,1,4,0,115,0.5,0.05,100,50,22
"124",0.48,0.39,2,1,4,0,115,0.5,0.05,100,50,22
"125",0.51,0.39,2,1,4,0,115,0.5,0.05,100,50,22
"126",0.54,0.39,2,1,4,0,115,0.5,0.05,100,50,22
"127",0.36,0.39,2,1,4,0,115,0.5,0.05,100,50,22
"128",0.39,0.39,2,1,4,0,115,0.5,0.05,100,50,22
"129",0.42,0.39,2,1,4,0,115,0.5,0.05,100,50,22
"130",0.45,0.39,2,1,4,0,115,0.5,0.05,100,50,22
"131",0.48,0.39,2,1,4,0,115,0.5,0.05,100,50,22
"132",0.51,0.39,2,1,4,0,115,0.5,0.05,100,50,22
"133",0.54,0.39,2,1,4,0,115,0.5,0.05,100,50,22
"134",0.36,0.39,2,1,4,0,115,0.5,0.05,100,50,22
"135",0.39,0.39,2,1,4,0,115,0.5,0.05,100,50,22
"136",0.42,0.39,2,1,4,0,115,0.5,0.05,100,50,22
"137",0.45,0.39,2,1,4,0,115,0.5,0.05,100,50,22
"138",0.48,0.39,2,1,4,0,115,0.5,0.05,100,50,22
"139",0.51,0.39,2,1,4,0,115,0.5,0.05,100,50,22
"140",0.54,0.39,2,1,4,0,115,0.5,0.05,100,50,22
"141",0.36,0.39,2,1,4,0,115,0.5,0.05,100,50,22
"142",0.39,0.39,2,1,4,0,115,0.5,0.05,100,50,22
"143",0.42,0.39,2,1,4,0,115,0.5,0.05,100,50,22
"144",0.45,0.39,2,1,4,0,115,0.5,0.05,100,50,22
"145",0.48,0.39,2,1,4,0,115,0.5,0.05,100,50,22
"146",0.51,0.39,2,1,4,0,115,0.5,0.05,100,50,22
"147",0.54,0.39,2,1,4,0,115,0.5,0.05,100,50,22
"148",0.36,0.39,2,1,4,0,115,0.5,0.05,100,50,22
"149",0.39,0.39,2,1,4,0,115,0.5,0.05,100,50,22
"150",0.42,0.39,2,1,4,0,115,0.5,0.05,100,50,22
"151",0.45,0.39,2,1,4,0,115,0.5,0.05,100,50,22
"152",0.48,0.39,2,1,4,0,115,0.5,0.05,100,50,22
"153",0.51,0.39,2,1,4,0,115,0.5,0.05,100,50,22
"154",0.54,0.39,2,1,4,0,115,0.5,0.05,100,50,22
"155",0.36,0.39,2,1,4,0,115,0.5,0.05,100,50,22
"156",0.39,0.39,2,1,4,0,115,0.5,0.05,100,50,22
"157",0.42,0.39,2,1,4,0,115,0.5,0.05,100,50,22
"158",0.45,0.39,2,1,4,0,115,0.5,0.05,100,50,22
"159",0.48,0.39,2,1,4,0,115,0.5,0.05,100,50,22
"160",0.51,0.39,2,1,4,0,115,0.5,0.05,100,50,22
"161",0.54,0.39,2,1,4,0,115,0.5,0.05,100,50,22
"162",0.36,0.39,2,1,4,0,115,0.5,0.05,100,50,22
"163",0.39,0.39,2,1,4,0,115,0.5,0.05,100,50,22
"164",0.42,0.39,2,1,4,0,115,0.5,0.05,100,50,22
"165",0.45,0.39,2,1,4,0,115,0.5,0.05,100,50,22
"166",0.48,0.39,2,1,4,0,115,0.5,0.05,100,50,22
"167",0.51,0.39,2,1,4,0,115,0.5,0.05,100,50,22
"168",0.54,0.39,2,1,4,0,115,0.5,0.05,100,50,22
"169",0.36,0.39,2,1,4,0,115,0.5,0.05,100,50,22
"170",0.39,0.39,2,1,4,0,115,0.5,0.05,100,50,22
"171",0.42,0.39,2,1,4,0,115,0.5,0.05,100,50,22
"172",0.45,0.39,2,1,4,0,115,0.5,0.05,100,50,22
"173",0.48,0.39,2,1,4,0,115,0.5,0.05,100,50,22
"174",0.51,0.39,2,1,4,0,115,0.5,0.05,100,50,22
"175",0.54,0.39,2,1,4,0,115,0.5,0.05,100,50,22
"176",0.36,0.39,2,1,4,0,115,0.5,0.05,100,50,22
"177",0.39,0.39,2,1,4,0,115,0.5,0.05,100,50,22
"178",0.42,0.39,2,1,4,0,115,0.5,0.05,100,50,22
"179",0.45,0.39,2,1,4,0,115,0.5,0.05,100,50,22
"180",0.48,0.39,2,1,4,0,115,0.5,0.05,100,50,22
"181",0.51,0.39,2,1,4,0,115,0.5,0.05,100,50,22
"182",0.54,0.39,2,1,4,0,115,0.5,0.05,100,50,22
"183",0.36,0.39,2,1,4,0,115,0.5,0.05,100,50,22
"184",0.39,0.39,2,1,4,0,115,0.5,0.05,100,50,22
"185",0.42,0.39,2,1,4,0,115,0.5,0.05,100,50,22
"186",0.45,0.39,2,1,4,0,115,0.5,0.05,100,50,22
"187",0.48,0.39,2,1,4,0,115,0.5,0.05,100,50,22
"188",0.51,0.39,2,1,4,0,115,0.5,0.05,100,50,22
"189",0.54,0.39,2,1,4,0,115,0.5,0.05,100,50,22
"190",0.36,0.39,2,1,4,0,115,0.5,0.05,100,50,22
"191",0.39,0.39,2,1,4,0,115,0.5,0.05,100,50,22
"192",0.42,0.39,2,1,4,0,115,0.5,0.05,100,50,22
"193",0.45,0.39,2,1,4,0,115,0.5,0.05,100,50,22
"194",0.48,0.39,2,1,4,0,115,0.5,0.05,100,50,22
"195",0.51,0.39,2,1,4,0,115,0.5,0.05,100,50,22
"196",0.54,0.39,2,1,4,0,115,0.5,0.05,100,50,22
"197",0.36,0.39,2,1,4,0,115,0.5,0.05,100,50,22
"198",0.39,0.39,2,1,4,0,115,0.5,0.05,100,50,22
"199",0.42,0.39,2,1,4,0,115,0.5,0.05,100,50,22
"200",0.45,0.39,2,1,4,0,115,0.5,0.05,100,50,22
"201",0.48,0.39,2,1,4,0,115,0.5,0.05,100,50,22
"202",0.51,0.39,2,1,4,0,115,0.5,0.05,100,50,22
"203",0.54,0.39,2,1,4,0,115,0.5,0.05,100,50,22
"204",0.36,0.39,2,1,4,0,115,0.5,0.05,100,50,22
"205",0.39,0.39,2,1,4,0,115,0.5,0.05,100,50,22
"206",0.42,0.39,2,1,4,0,115,0.5,0.05,100,50,22
"207",0.45,0.39,2,1,4,0,115,0.5,0.05,100,50,22
"208",0.48,0.39,2,1,4,0,115,0.5,0.05,100,50,22
"209",0.51,0.39,2,1,4,0,115,0.5,0.05,100,50,22
"210",0.54,0.39,2,1,4,0,115,0.5,0.05,100,50,22
"211",0.36,0.39,2,1,4,0,115,0.5,0.05,100,50,22
"212",0.39,0.39,2,1,4,0,115,0.5,0.05,100,50,22
"213",0.42,0.39,2,1,4,0,115,0.5,0.05,100,50,22
"214",0.45,0.39,2,1,4,0,115,0.5,0.05,100,50,22
"215",0.48,0.39,2,1,4,0,115,0.5,0.05,100,50,22
"216",0.51,0.39,2,1,4,0,115,0.5,0.05,100,50,22
"217",0.54,0.39,2,1,4,0,115,0.5,0.05,100,50,22
"218",0.36,0.39,2,1,4,0,115,0.5,0.05,100,50,22
"219",0.39,0.39,2,1,4,0,115,0.5,0.05,100,50,22
"220",0.42,0.39,2,1,4,0,115,0.5,0.05,100,50,22
"221",0.45,0.39,2,1,4,0,115,0.5,0.05,100,50,22
"222",0.48,0.39,2,1,4,0,115,0.5,0.05,100,50,22
"223",0.51,0.39,2,1,4,0,115,0.5,0.05,100,50,22
"224",0.54,0.39,2,1,4,0,115,0.5,0.05,100,50,22
"225",0.36,0.39,2,1,4,0,115,0.5,0.05,100,50,22
"226",0.39,0.39,2,1,4,0,115,0.5,0.05,100,50,22
"227",0.42,0.39,2,1,4,0,115,0.5,0.05,100,50,22
"228",0.45,0.39,2,1,4,0,115,0.5,0.05,100,50,22
"229",0.48,0.39,2,1,4,0,115,0.5,0.05,100,50,22
"230",0.51,0.39,2,1,4,0,115,0.5,0.05,100,50,22
"231",0.54,0.39,2,1,4,0,115,0.5,0.05,100,50,22
"232",0.36,0.39,2,1,4,0,115,0.5,0.05,100,50,22
"233",0.39,0.39,2,1,4,0,115,0.5,0.05,100,50,22
"234",0.42,0.39,2,1,4,0,115,0.5,0.05,100,50,22
"235",0.45,0.39,2,1,4,0,115,0.5,0.05,100,50,22
"236",0.48,0.39,2,1,4,0,115,0.5,0.05,100,50,22
"237",0.51,0.39,2,1,4,0,115,0.5,0.05,100,50,22
"238",0.54,0.39,2,1,4,0,115,0.5,0.05,100,50,22
"239",0.36,0.39,2,1,4,0,115,0.5,0.05,100,50,22
"240",0.39,0.39,2,1,4,0,115,0.5,0.05,100,50,22
"241",0.42,0.39,2,1,4,0,115,0.5,0.05,100,50,22
"242",0.45,0.39,2,1,4,0,115,0.5,0.05,100,50,22
"243",0.48,0.39,2,1,4,0,115,0.5,0.05,100,50,22
"244",0.51,0.39,2,1,4,0,115,0.5,0.05,100,50,22
"245",0.54,0.39,2,1,4,0,115,0.5,0.05,100,50,22
"246",0.36,0.39,2,1,4,0,115,0.5,0.05,100,50,22
"247",0.39,0.39,2,1,4,0,115,0.5,0.05,100,50,22
"248",0.42,0.39,2,1,4,0,115,0.5,0.05,100,50,22
"249",0.45,0.39,2,1,4,0,115,0.5,0.05,100,50,22
"250",0.48,0.39,2,1,4,0,115,0.5,0.05,100,50,22
"251",0.51,0.39,2,1,4,0,115,0.5,0.05,100,50,22
"252",0.54,0.39,2,1,4,0,115,0.5,0.05,100,50,22
"253",0.36,0.39,2,1,4,0,115,0.5,0.05,100,50,22
"254",0.39,0.39,2,1,4,0,115,0.5,0.05,100,50,22
"255",0.42,0.39,2,1,4,0,115,0.5,0.05,100,50,22
"256",0.45,0.39,2,1,4,0,115,0.5,0.05,100,50,22
"257",0.48,0.39,2,1,4,0,115,0.5,0.05,100,50,22
"258",0.51,0.39,2,1,4,0,115,0.5,0.05,100,50,22
"259",0.54,0.39,2,1,4,0,115,0.5,0.05,100,50,22
"260",0.36,0.39,2,1,4,0,115,0.5,0.05,100,50,22
"261",0.39,0.39,2,1,4,0,115,0.5,0.05,100,50,22
"262",0.42,0.39,2,1,4,0,115,0.5,0.05,100,50,22
"263",0.45,0.39,2,1,4,0,115,0.5,0.05,100,50,22
"264",0.48,0.39,2,1,4,0,115,0.5,0.05,100,50,22
"265",0.51,0.39,2,1,4,0,115,0.5,0.05,100,50,22
"266",0.54,0.39,2,1,4,0,115,0.5,0.05,100,50,22
"267",0.36,0.39,2,1,4,0,115,0.5,0.05,100,50,22
"268",0.39,0.39,2,1,4,0,115,0.5,0.05,100,50,22
"269",0.42,0.39,2,1,4,0,115,0.5,0.05,100,50,22
"270",0.45,0.39,2,1,4,0,115,0.5,0.05,100,50,22
"271",0.48,0.39,2,1,4,0,115,0.5,0.05,100,50,22
"272",0.51,0.39,2,1,4,0,115,0.5,0.05,100,50,22
"273",0.54,0.39,2,1,4,0,115,0.5,0.05,100,50,22
"274",0.36,0.39,2,1,4,0,115,0.5,0.05,100,50,22
"275",0.39,0.39,2,1,4,0,115,0.5,0.05,100,50,22
"276",0.42,0.39,2,1,4,0,115,0.5,0.05,100,50,22
"277",0.45,0.39,2,1,4,0,115,0.5,0.05,100,50,22
"278",0.48,0.39,2,1,4,0,115,0.5,0.05,100,50,22
"279",0.51,0.39,2,1,4,0,115,0.5,0.05,100,50,22
"280",0.54,0.39,2,1,4,0,115,0.5,0.05,100,50,22
"281",0.36,0.39,2,1,4,0,115,0.5,0.05,100,50,22
"282",0.39,0.39,2,1,4,0,115,0.5,0.05,100,50,22
"283",0.42,0.39,2,1,4,0,115,0.5,0.05,100,50,22
"284",0.45,0.39,2,1,4,0,115,0.5,0.05,100,50,22
"285",0.48,0.39,2,1,4,0,115,0.5,0.05,100,50,22
"286",0.51,0.39,2,1,4,0,115,0.5,0.05,100,50,22
"287",0.54,0.39,2,1,4,0,115,0.5,0.05,100,50,22
"288",0.36,0.39,2,1,4,0,115,0.5,0.05,100,50,22
"289",0.39,0.39,2,1,4,0,115,0.5,0.05,100,50,22
"290",0.42,0.39,2,1,4,0,115,0.5,0.05,100,50,22
"291",0.45,0.39,2,1,4,0,115,0.5,0.05,100,50,22
"292",0.48,0.39,2,1,4,0,115,0.5,0.05,100,50,22
"293",0.51,0.39,2,1,4,0,115,0.5,0.05,100,50,22
"294",0.54,0.39,2,1,4,0,115,0.5,0.05,100,50,22
"295",0.36,0.39,2,1,4,0,115,0.5,0.05,100,50,22
"296",0.39,0.39,2,1,4,0,115,0.5,0.05,100,50,22
"297",0.42,0.39,2,1,4,0,115,0.5,0.05,100,50,22
"298",0.45,0.39,2,1,4,0,115,0.5,0.05,100,50,22
"299",0.48,0.39,2,1,4,0,115,0.5,0.05,100,50,22
"300",0.51,0.39,2,1,4,0,115,0.5,0.05,100,50,22
"301",0.54,0.39,2,1,4,0,115,0.5,0.05,100,50,22
"302",0.36,0.39,2,1,4,0,115,0.5,0.05,100,50,22
"303",0.39,0.39,2,1,4,0,115,0.5,0.05,100,50,22
"304",0.42,0.39,2,1,4,0,115,0.5,0.05,100,50,22
"305",0.45,0.39,2,1,4,0,115,0.5,0.05,100,50,22
"306",0.48,0.39,2,1,4,0,115,0.5,0.05,100,50,22
"307",0.51,0.39,2,1,4,0,115,0.5,0.05,100,50,22
"308",0.54,0.39,2,1,4,0,115,0.5,0.05,100,50,22
"309",0.36,0.39,2,1,4,0,115,0.5,0.05,100,50,22
"310",0.39,0.39,2,1,4,0,115,0.5,0.05,100,50,22
"311",0.42,0.39,2,1,4,0,115,0.5,0.05,100,50,22
"312",0.45,0.39,2,1,4,0,115,0.5,0.05,100,50,22
"313",0.48,0.39,2,1,4,0,115,0.5,0.05,100,50,22
"314",0.51,0.39,2,1,4,0,115,0.5,0.05,100,50,22
"315",0.54,0.39,2,1,4,0,115,0.5,0.05,100,50,22
"316",0.36,0.39,2,1,4,0,115,0.5,0.05,100,50,22
"317",0.39,0.39,2,1,4,0,115,0.5,0.05,100,50,22
"318",0.42,0.39,2,1,4,0,115,0.5,0.05,100,50,22
"319",0.45,0.39,2,1,4,0,115,0.5,0.05,100,50,22
"320",0.48,0.39,2,1,4,0,115,0.5,0.05,100,50,22
"321",0.51,0.39,2,1,4,0,115,0.5,0.05,100,50,22
"322",0.54,0.39,2,1,4,0,115,0.5,0.05,100,50,22
"323",0.36,0.39,2,1,4,0,115,0.5,0.05,100,50,22
"324",0.39,0.39,2,1,4,0,115,0.5,0.05,100,50,22
"325",0.42,0.39,2,1,4,0,115,0.5,0.05,100,50,22
"326",0.45,0.39,2,1,4,0,115,0.5,0.05,100,50,22
"327",0.48,0.39,2,1,4,0,115,0.5,0.05,100,50,22
"328",0.51,0.39,2,1,4,0,115,0.5,0.05,100,50,22
"329",0.54,0.39,2,1,4,0,115,0.5,0.05,100,50,22
"330",0.36,0.39,2,1,4,0,115,0.5,0.05,100,50,22
"331",0.39,0.39,2,1,4,0,115,0.5,0.05,100,50,22
"332",0.42,0.39,2,1,4,0,115,0.5,0.05,100,50,22
"333",0.45,0.39,2,1,4,0,115,0.5,0.05,100,50,22
"334",0.48,0.39,2,1,4,0,115,0.5,0.05,100,50,22
"335",0.51,0.39,2,1,4,0,115,0.5,0.05,100,50,22
"336",0.54,0.39,2,1,4,0,115,0.5,0.05,100,50,22
"337",0.36,0.39,2,1,4,0,115,0.5,0.05,100,50,22
"338",0.39,0.39,2,1,4,0,115,0.5,0.05,100,50,22
"339",0.42,0.39,2,1,4,0,115,0.5,0.05,100,50,22
"340",0.45,0.39,2,1,4,0,115,0.5,0.05,100,50,22
"341",0.48,0.39,2,1,4,0,115,0.5,0.05,100,50,22
"342",0.51,0.39,2,1,4,0,115,0.5,0.05,100,50,22
"343",0.54,0.39,2,1,4,0,115,0.5,0.05,100,50,22
"344",0.36,0.39,2,1,4,0,115,0.5,0.05,100,50,22
"345",0.39,0.39,2,1,4,0,115,0.5,0.05,100,50,22
"346",0.42,0.39,2,1,4,0,115,0.5,0.05,100,50,22
"347",0.45,0.39,2,1,4,0,115,0.5,0.05,100,50,22
"348",0.48,0.39,2,1,4,0,115,0.5,0.05,100,50,22
"349",0.51,0.39,2,1,4,0,115,0.5,0.05,100,50,22
"350",0.54,0.39,2,1,4,0,115,0.5,0.05,100,50,22
"351",0.36,0.39,2,1,4,0,115,0.5,0.05,100,50,22
"352",0.39,0.39,2,1,4,0,115,0.5,0.05,100,50,22
"353",0.42,0.39,2,1,4,0,115,0.5,0.05,100,50,22
"354",0.45,0.39,2,1,4,0,115,0.5,0.05,100,50,22
"355",0.48,0.39,2,1,4,0,115,0.5,0.05,100,50,22
"356",0.51,0.39,2,1,4,0,115,0.5,0.05,100,50,22
"357",0.54,0.39,2,1,4,0,115,0.5,0.05,100,50,22
"358",0.36,0.39,2,1,4,0,115,0.5,0.05,100,50,22
"359",0.39,0.39,2,1,4,0,115,0.5,0.05,100,50,22
"360",0.42,0.39,2,1,4,0,115,0.5,0.05,100,50,22
"361",0.45,0.39,2,1,4,0,115,0.5,0.05,100,50,22
"362",0.48,0.39,2,1,4,0,115,0.5,0.05,100,50,22
"363",0.51,0.39,2,1,4,0,115,0.5,0.05,100,50,22
"364",0.54,0.39,2,1,4,0,115,0.5,0.05,100,50,22
"365",0.36,0.39,2,1,4,0,115,0.5,0.05,100,50,22
"366",0.39,0.39,2,1,4,0,115,0.5,0.05,100,50,22
"367",0.42,0.39,2,1,4,0,115,0.5,0.05,100,50,22
"368",0.45,0.39,2,1,4,0,115,0.5,0.05,100,50,22
"369",0.48,0.39,2,1,4,0,115,0.5,0.05,100,50,22
"370",0.51,0.39,2,1,4,0,115,0.5,0.05,100,50,22
"371",0.54,0.39,2,1,4,0,115,0.5,0.05,100,50,22
"372",0.36,0.39,2,1,4,0,115,0.5,0.05,100,50,22
"373",0.39,0.39,2,1,4,0,115,0.5,0.05,100,50,22
"374",0.42,0.39,2,1,4,0,115,0.5,0.05,100,50,22
"375",0.45,0.39,2,1,4,0,115,0.5,0.05,100,50,22
"376",0.48,0.39,2,1,4,0,115,0.5,0.05,100,50,22
"377",0.51,0.39,2,1,4,0,115,0.5,0.05,100,50,22
"378",0.54,0.39,2,1,4,0,115,0.5,0.05,100,50,22
"379",0.36,0.39,2,1,4,0,115,0.5,0.05,100,50,22
"380",0.39,0.39,2,1,4,0,115,0.5,0.05,100,50,22
"381",0.42,0.39,2,1,4,0,115,0.5,0.05,100,50,22
"382",0.45,0.39,2,1,4,0,115,0.5,0.05,100,50,22
"383",0.48,0.39,2,1,4,0,115,0.5,0.05,100,50,22
"384",0.51,0.39,2,1,4,0,115,0.5,0.05,100,50,22
"385",0.54,0.39,2,1,4,0,115,0.5,0.05,100,50,22
"386",0.36,0.39,2,1,4,0,115,0.5,0.05,100,50,22
"387",0.39,0.39,2,1,4,0,115,0.5,0.05,100,50,22
"388",0.42,0.39,2,1,4,0,115,0.5,0.05,100,50,22
"389",0.45,0.39,2,1,4,0,115,0.5,0.05,100,50,22
"390",0.48,0.39,2,1,4,0,115,0.5,0.05,100,50,22
"391",0.51,0.39,2,1,4,0,115,0.5,0.05,100,50,22
"392",0.54,0.39,2,1,4,0,115,0.5,0.05,100,50,22
"393",0.36,0.39,2,1,4,0,115,0.5,0.05,100,50,22
"394",0.39,0.39,2,1,4,0,115,0.5,0.05,100,50,22
"395",0.42,0.39,2,1,4,0,115,0.5,0.05,100,50,22
"396",0.45,0.39,2,1,4,0,115,0.5,0.05,100,50,22
"397",0.48,0.39,2,1,4,0,115,0.5,0.05,100,50,22
"398",0.51,0.39,2,1,4,0,115,0.5,0.05,100,50,22
"399",0.54,0.39,2,1,4,0,115,0.5,0.05,100,50,22
"400",0.36,0.39,2,1,4,0,115,0.5,0.05,100,50,22
"401",0.39,0.39,2,1,4,0,115,0.5,0.05,100,50,22
"402",0.42,0.39,2,1,4,0,115,0.5,0.05,100,50,22
"403",0.45,0.39,2,1,4,0,115,0.5,0.05,100,50,22
"404",0.48,0.39,2,1,4,0,115,0.5,0.05,100,50,22
"405",0.51,0.39,2,1,4,0,115,0.5,0.05,100,50,22
"406",0.54,0.39,2,1,4,0,115,0.5,0.05,100,50,22
"407",0.36,0.39,2,1,4,0,115,0.5,0.05,100,50,22
"408",0.39,0.39,2,1,4,0,115,0.5,0.05,100,50,22
"409",0.42,0.39,2,1,4,0,115,0.5,0.05,100,50,22
"410",0.45,0.39,2,1,4,0,115,0.5,0.05,100,50,22
"411",0.48,0.39,2,1,4,0,115,0.5,0.05,100,50,22
"412",0.51,0.39,2,1,4,0,115,0.5,0.05,100,50,22
"413",0.54,0.39,2,1,4,0,115,0.5,0.05,100,50,22
"414",0.36,0.39,2,1,4,0,115,0.5,0.05,100,50,22
"415",0.39,0.39,2,1,4,0,115,0.5,0.05,100,50,22
"416",0.42,0.39,2,1,4,0,115,0.5,0.05,100,50,22
"417",0.45,0.39,2,1,4,0,115,0.5,0.05,100,50,22
"418",0.48,0.39,2,1,4,0,115,0.5,0.05,100,50,22
"419",0.51,0.39,2,1,4,0,115,0.5,0.05,100,50,22
"420",0.54,0.39,2,1,4,0,115,0.5,0.05,100,50,22
"421",0.36,0.39,2,1,4,0,115,0.5,0.05,100,50,22
"422",0.39,0.39,2,1,4,0,115,0.5,0.05,100,50,22
"423",0.42,0.39,2,1,4,0,115,0.5,0.05,100,50,22
"424",0.45,0.39,2,1,4,0,115,0.5,0.05,100,50,22
"425",0.48,0.39,2,1,4,0,115,0.5,0.05,100,50,22
"426",0.51,0.39,2,1,4,0,115,0.5,0.05,100,50,22
"427",0.54,0.39,2,1,4,0,115,0.5,0.05,100,50,22
"428",0.36,0.39,2,1,4,0,115,0.5,0.05,100,50,22
"429",0.39,0.39,2,1,4,0,115,0.5,0.05,100,50,22
"430",0.42,0.39,2,1,4,0,115,0.5,0.05,100,50,22
"431",0.45,0.39,2,1,4,0,115,0.5,0.05,100,50,22
"432",0.48,0.39,2,1,4,0,115,0.5,0.05,100,50,22
"433",0.51,0.39,2,1,4,0,115,0.5,0.05,100,50,22
"434",0.54,0.39,2,1,4,0,115,0.5,0.05,100,50,22
"435",0.36,0.39,2,1,4,0,115,0.5,0.05,100,50,22
"436",0.39,0.39,2,1,4,0,115,0.5,0.05,100,50,22
"437",0.42,0.39,2,1,4,0,115,0.5,0.05,100,50,22
"438",0.45,0.39,2,1,4,0,115,0.5,0.05,100,50,22
"439",0.48,0.39,2,1,4,0,115,0.5,0.05,100,50,22
"440",0.51,0.39,2,1,4,0,115,0.5,0.05,100,50,22
"441",0.54,0.39,2,1,4,0,115,0.5,0.05,100,50,22
"442",0.36,0.39,2,1,4,0,115,0.5,0.05,100,50,22
"443",0.39,0.39,2,1,4,0,115,0.5,0.05,100,50,22
"444",0.42,0.39,2,1,4,0,115,0.5,0.05,100,50,22
"445",0.45,0.39,2,1,4,0,115,0.5,0.05,100,50,22
"446",0.48,0.39,2,1,4,0,115,0.5,0.05,100,50,22
"447",0.51,0.39,2,1,4,0,115,0.5,0.05,100,50,22
"448",0.54,0.39,2,1,4,0,115,0.5,0.05,100,50,22
"449",0.36,0.39,2,1,4,0,115,0.5,0.05,100,50,22
"450",0.39,0.39,2,1,4,0,115,0.5,0.05,100,50,22
"451",0.42,0.39,2,1,4,0,115,0.5,0.05,100,50,22
"452",0.45,0.39,2,1,4,0,115,0.5,0.05,100,50,22
"453",0.48,0.39,2,1,4,0,115,0.5,0.05,100,50,22
"454",0.51,0.39,2,1,4,0,115,0.5,0.05,100,50,22
"455",0.54,0.39,2,1,4,0,115,0.5,0.05,100,50,22
"456",0.36,0.39,2,1,4,0,115,0.5,0.05,100,50,22
"457",0.39,0.39,2,1,4,0,115,0.5,0.05,100,50,22
"458",0.42,0.39,2,1,4,0,115,0.5,0.05,100,50,22
"459",0.45,0.39,2,1,4,0,115,0.5,0.05,100,50,22
"460",0.48,0.39,2,1,4,0,115,0.5,0.05,100,50,22
"461",0.51,0.39,2,1,4,0,115,0.5,0.05,100,50,22
"462",0.54,0.39,2,1,4,0,115,0.5,0.05,100,50,22
"463",0.36,0.39,2,1,4,0,115,0.5,0.05,100,50,22
"464",0.39,0.39,2,1,4,0,115,0.5,0.05,100,50,22
"465",0.42,0.39,2,1,4,0,115,0.5,0.05,100,50,22
"466",0.45,0.39,2,1,4,0,115,0.5,0.05,100,50,22
"467",0.48,0.39,2,1,4,0,115,0.5,0.05,100,50,22
"468",0.51,0.39,2,1,4,0,115,0.5,0.05,100,50,22
"469",0.54,0.39,2,1,4,0,115,0.5,0.05,100,50,22
"470",0.36,0.39,2,1,4,0,115,0.5,0.05,100,50,22
"471",0.39,0.39,2,1,4,0,115,0.5,0.05,100,50,22
"472",0.42,0.39,2,1,4,0,115,0.5,0.05,100,50,22
"473",0.45,0.39,2,1,4,0,115,0.5,0.05,100,50,22
"474",0.48,0.39,2,1,4,0,115,0.5,0.05,100,50,22
"475",0.51,0.39,2,1,4,0,115,0.5,0.05,100,50,22
"476",0.54,0.39,2,1,4,0,115,0.5,0.05,100,50,22
"477",0.36,0.39,2,1,4,0,115,0.5,0.05,100,50,22
"478",0.39,0.39,2,1,4,0,115,0.5,0.05,100,50,22
"479",0.42,0.39,2,1,4,0,115,0.5,0.05,100,50,22
"480",0.45,0.39,2,1,4,0,115,0.5,0.05,100,50,22
"481",0.48,0.39,2,1,4,0,115,0.5,0.05,100,50,22
"482",0.51,0.39,2,1,4,0,115,0.5,0.05,100,50,22
"483",0.54,0.39,2,1,4,0,115,0.5,0.05,100,50,22
"484",0.36,0.39,2,1,4,0,115,0.5,0.05,100,50,22
"485",0.39,0.39,2,1,4,0,115,0.5,0.05,100,50,22
"486",0.42,0.39,2,1,4,0,115,0.5,0.05,100,50,22
"487",0.45,0.39,2,1,4,0,115,0.5,0.05,100,50,22
"488",0.48,0.39,2,1,4,0,115,0.5,0.05,100,50,22
"489",0.51,0.39,2,1,4,0,115,0.5,0.05,100,50,22
"490",0.54,0.39,2,1,4,0,115,0.5,0.05,100,50,22
"491",0.36,0.39,2,1,4,0,115,0.5,0.05,100,50,22
"492",0.39,0.39,2,1,4,0,115,0.5,0.05,100,50,22
"493",0.42,0.39,2,1,4,0,115,0.5,0.05,100,50,22
"494",0.45,0.39,2,1,4,0,115,0.5,0.05,100,50,22
"495",0.48,0.39,2,1,4,0,115,0.5,0.05,100,50,22
"496",0.51,0.39,2,1,4,0,115,0.5,0.05,100,50,22
"497",0.54,0.39,2,1,4,0,115,0.5,0.05,100,50,22
"498",0.36,0.39,2,1,4,0,115,0.5,0.05,100,50,22
"499",0.39,0.39,2,1,4,0,115,0.5,0.05,100,50,22
"500",0.42,0.39,2,1,4,0,115,0.5,0.05,100,50,22
"501",0.45,0.39,2,1,4,0,115,0.5,0.05,100,50,22
"502",0.48,0.39,2,1,4,0,115,0.5,0.05,100,50,22
"503",0.51,0.39,2,1,4,0,115,0.5,0.05,100,50,22
"504",0.54,0.39,2,1,4,0,115,0.5,0.05,100,50,22
"505",0.36,0.39,2,1,4,0,115,0.5,0.05,100,50,22
"506",0.39,0.39,2,1,4,0,115,0.5,0.05,100,50,22
"507",0.42,0.39,2,1,4,0,115,0.5,0.05,100,50,22
"508",0.45,0.39,2,1,4,0,115,0.5,0.05,100,50,22
"509",0.48,0.39,2,1,4,0,115,0.5,0.05,100,50,22
"510",0.51,0.39,2,1,4,0,115,0.5,0.05,100,50,22
"511",0.54,0.39,2,1,4,0,115,0.5,0.05,100,50,22
"512",0.36,0.39,2,1,4,0,115,0.5,0.05,100,50,22
"513",0.39,0.39,2,1,4,0,115,0.5,0.05,100,50,22
"514",0.42,0.39,2,1,4,0,115,0.5,0.05,100,50,22
"515",0.45,0.39,2,1,4,0,115,0.5,0.05,100,50,22
"516",0.48,0.39,2,1,4,0,115,0.5,0.05,100,50,22
"517",0.51,0.39,2,1,4,0,115,0.5,0.05,100,50,22
"518",0.54,0.39,2,1,4,0,115,0.5,0.05,100,50,22
"519",0.36,0.39,2,1,4,0,115,0.5,0.05,100,50,22
"520",0.39,0.39,2,1,4,0,115,0.5,0.05,100,50,22
"521",0.42,0.39,2,1,4,0,115,0.5,0.05,100,50,22
"522",0.45,0.39,2,1,4,0,115,0.5,0.05,100,50,22
"523",0.48,0.39,2,1,4,0,115,0.5,0.05,100,50,22
"524",0.51,0.39,2,1,4,0,115,0.5,0.05,100,50,22
"525",0.54,0.39,2,1,4,0,115,0.5,0.05,100,50,22
"526",0.36,0.39,2,1,4,0,115,0.5,0.05,100,50,22
"527",0.39,0.39,2,1,4,0,115,0.5,0.05,100,50,22
"528",0.42,0.39,2,1,4,0,115,0.5,0.05,100,50,22
"529",0.45,0.39,2,1,4,0,115,0.5,0.05,100,50,22
"530",0.48,0.39,2,1,4,0,115,0.5,0.05,100,50,22
"531",0.51,0.39,2,1,4,0,115,0.5,0.05,100,50,22
"532",0.54,0.39,2,1,4,0,115,0.5,0.05,100,50,22
"533",0.36,0.39,2,1,4,0,115,0.5,0.05,100,50,22
"534",0.39,0.39,2,1,4,0,115,0.5,0.05,100,50,22
"535",0.42,0.39,2,1,4,0,115,0.5,0.05,100,50,22
"536",0.45,0.39,2,1,4,0,115,0.5,0.05,100,50,22
"537",0.48,0.39,2,1,4,0,115,0.5,0.05,100,50,22
"538",0.51,0.39,2,1,4,0,115,0.5,0.05,100,50,22
"539",0.54,0.39,2,1,4,0,115,0.5,0.05,100,50,22
"540",0.36,0.39,2,1,4,0,115,0.5,0.05,100,50,22
"541",0.39,0.39,2,1,4,0,115,0.5,0.05,100,50,22
"542",0.42,0.39,2,1,4,0,115,0.5,0.05,100,50,22
"543",0.45,0.39,2,1,4,0,115,0.5,0.05,100,50,22
"544",0.48,0.39,2,1,4,0,115,0.5,0.05,100,50,22
"545",0.51,0.39,2,1,4,0,115,0.5,0.05,100,50,22
"546",0.54,0.39,2,1,4,0,115,0.5,0.05,100,50,22
"547",0.36,0.39,2,1,4,0,115,0.5,0.05,100,50,22
"548",0.39,0.39,2,1,4,0,115,0.5,0.05,100,50,22
"549",0.42,0.39,2,1,4,0,115,0.5,0.05,100,50,22
"550",0.45,0.39,2,1,4,0,115,0.5,0.05,100,50,22
"551",0.48,0.39,2,1,4,0,115,0.5,0.05,100,50,22
"552",0.51,0.39,2,1,4,0,115,0.5,0.05,100,50,22
"553",0.54,0.39,2,1,4,0,115,0.5,0.05,100,50,22
"554",0.36,0.39,2,1,4,0,115,0.5,0.05,100,50,22
"555",0.39,0.39,2,1,4,0,115,0.5,0.05,100,50,22
"556",0.42,0.39,2,1,4,0,115,0.5,0.05,100,50,22
"557",0.45,0.39,2,1,4,0,115,0.5,0.05,100,50,22
"558",0.48,0.39,2,1,4,0,115,0.5,0.05,100,50,22
"559",0.51,0.39,2,1,4,0,115,0.5,0.05,100,50,22
"560",0.54,0.39,2,1,4,0,115,0.5,0.05,100,50,22
"561",0.36,0.39,2,1,4,0,115,0.5,0.05,100,50,22
"562",0.39,0.39,2,1,4,0,115,0.5,0.05,100,50,22
"563",0.42,0.39,2,1,4,0,115,0.5,0.05,100,50,22
"564",0.45,0.39,2,1,4,0,115,0.5,0.05,100,50,22
"565",0.48,0.39,2,1,4,0,115,0.5,0.05,100,50,22
"566",0.51,0.39,2,1,4,0,115,0.5,0.05,100,50,22
"567",0.54,0.39,2,1,4,0,115,0.5,0.05,100,50,22
"568",0.36,0.39,2,1,4,0,115,0.5,0.05,100,50,22
"569",0.39,0.39,2,1,4,0,115,0.5,0.05,100,50,22
"570",0.42,0.39,2,1,4,0,115,0.5,0.05,100,50,22
"571",0.45,0.39,2,1,4,0,115,0.5,0.05,100,50,22
"572",0.48,0.39,2,1,4,0,115,0.5,0.05,100,50,22
"573",0.51,0.39,2,1,4,0,115,0.5,0.05,100,50,22
"574",0.54,0.39,2,1,4,0,115,0.5,0.05,100,50,22
"575",0.36,0.39,2,1,4,0,115,0.5,0.05,100,50,22
"576",0.39,0.39,2,1,4,0,115,0.5,0.05,100,50,22
"577",0.42,0.39,2,1,4,0,115,0.5,0.05,100,50,22
"578",0.45,0.39,2,1,4,0,115,0.5,0.05,100,50,22
"579",0.48,0.39,2,1,4,0,115,0.5,0.05,100,50,22
"580",0.51,0.39,2,1,4,0,115,0.5,0.05,100,50,22
"581",0.54,0.39,2,1,4,0,115,0.5,0.05,100,50,22
"582",0.36,0.39,2,1,4,0,115,0.5,0.05,100,50,22
"583",0.39,0.39,2,1,4,0,115,0.5,0.05,100,50,22
"584",0.42,0.39,2,1,4,0,115,0.5,0.05,100,50,22
"585",0.45,0.39,2,1,4,0,115,0.5,0.05,100,50,22
"586",0.48,0.39,2,1,4,0,115,0.5,0.05,100,50,22
"587",0.51,0.39,2,1,4,0,115,0.5,0.05,100,50,22
"588",0.54,0.39,2,1,4,0,115,0.5,0.05,100,50,22
"589",0.36,0.39,2,1,4,0,115,0.5,0.05,100,50,22
"590",0.39,0.39,2,1,4,0,115,0.5,0.05,100,50,22
"591",0.42,0.39,2,1,4,0,115,0.5,0.05,100,50,22
"592",0.45,0.39,2,1,4,0,115,0.5,0.05,100,50,22
"593",0.48,0.39,2,1,4,0,115,0.5,0.05,100,50,22
"594",0.51,0.39,2,1,4,0,115,0.5,0.05,100,50,22
"595",0.54,0.39,2,1,4,0,115,0.5,0.05,100,50,22
"596",0.36,0.39,2,1,4,0,115,0.5,0.05,100,50,22
"597",0.39,0.39,2,1,4,0,115,0.5,0.05,100,50,22
"598",0.42,0.39,2,1,4,0,115,0.5,0.05,100,50,22
"599",0.45,0.39,2,1,4,0,115,0.5,0.05,100,50,22
"600",0.48,0.39,2,1,4,0,115,0.5,0.05,100,50,22
"601",0.51,0.39,2,1,4,0,115,0.5,0.05,100,50,22
"602",0.54,0.39,2,1,4,0,115,0.5,0.05,100,50,22
"603",0.36,0.39,2,1,4,0,115,0.5,0.05,100,50,22
"604",0.39,0.39,2,1,4,0,115,0.5,0.05,100,50,22
"605",0.42,0.39,2,1,4,0,115,0.5,0.05,100,50,22
"606",0.45,0.39,2,1,4,0,115,0.5,0.05,100,50,22
"607",0.48,0.39,2,1,4,0,115,0.5,0.05,100,50,22
"608",0.51,0.39,2,1,4,0,115,0.5,0.05,100,50,22
"609",0.54,0.39,2,1,4,0,115,0.5,0.05,100,50,22
"610",0.36,0.39,2,1,4,0,115,0.5,0.05,100,50,22
"611",0.39,0.39,2,1,4,0,115,0.5,0.05,100,50,22
"612",0.42,0.39,2,1,4,0,115,0.5,0.05,100,50,22
"613",0.45,0.39,2,1,4,0,115,0.5,0.05,100,50,22
"614",0.48,0.39,2,1,4,0,115,0.5,0.05,100,50,22
"615",0.51,0.39,2,1,4,0,115,0.5,0.05,100,50,22
"616",0.54,0.39,2,1,4,0,115,0.5,0.05,100,50,22
"617",0.36,0.39,2,1,4,0,115,0.5,0.05,100,50,22
"618",0.39,0.39,2,1,4,0,115,0.5,0.05,100,50,22
"619",0.42,0.39,2,1,4,0,115,0.5,0.05,100,50,22
"620",0.45,0.39,2,1,4,0,115,0.5,0.05,100,50,22
"621",0.48,0.39,2,1,4,0,115,0.5,0.05,100,50,22
"622",0.51,0.39,2,1,4,0,115,0.5,0.05,100,50,22
"623",0.54,0.39,2,1,4,0,115,0.5,0.05,100,50,22
"624",0.36,0.39,2,1,4,0,115,0.5,0.05,100,50,22
"625",0.39,0.39,2,1,4,0,115,0.5,0.05,100,50,22
"626",0.42,0.39,2,1,4,0,115,0.5,0.05,100,50,22
"627",0.45,0.39,2,1,4,0,115,0.5,0.05,100,50,22
"628",0.48,0.39,2,1,4,0,115,0.5,0.05,100,50,22
"629",0.51,0.39,2,1,4,0,115,0.5,0.05,100,50,22
"630",0.54,0.39,2,1,4,0,115,0.5,0.05,100,50,22
"631",0.36,0.39,2,1,4,0,115,0.5,0.05,100,50,22
"632",0.39,0.39,2,1,4,0,115,0.5,0.05,100,50,22
"633",0.42,0.39,2,1,4,0,115,0.5,0.05,100,50,22
"634",0.45,0.39,2,1,4,0,115,0.5,0.05,100,50,22
"635",0.48,0.39,2,1,4,0,115,0.5,0.05,100,50,22
"636",0.51,0.39,2,1,4,0,115,0.5,0.05,100,50,22
"637",0.54,0.39,2,1,4,0,115,0.5,0.05,100,50,22
"638",0.36,0.39,2,1,4,0,115,0.5,0.05,100,50,22
"639",0.39,0.39,2,1,4,0,115,0.5,0.05,100,50,22
"640",0.42,0.39,2,1,4,0,115,0.5,0.05,100,50,22
"641",0.45,0.39,2,1,4,0,115,0.5,0.05,100,50,22
"642",0.48,0.39,2,1,4,0,115,0.5,0.05,100,50,22
"643",0.51,0.39,2,1,4,0,115,0.5,0.05,100,50,22
"644",0.54,0.39,2,1,4,0,115,0.5,0.05,100,50,22
"645",0.36,0.39,2,1,4,0,115,0.5,0.05,100,50,22
"646",0.39,0.39,2,1,4,0,115,0.5,0.05,100,50,22
"647",0.42,0.39,2,1,4,0,115,0.5,0.05,100,50,22
"648",0.45,0.39,2,1,4,0,115,0.5,0.05,100,50,22
"649",0.48,0.39,2,1,4,0,115,0.5,0.05,100,50,22
"650",0.51,0.39,2,1,4,0,115,0.5,0.05,100,50,22
"651",0.54,0.39,2,1,4,0,115,0.5,0.05,100,50,22
"652",0.36,0.39,2,1,4,0,115,0.5,0.05,100,50,22
"653",0.39,0.39,2,1,4,0,115,0.5,0.05,100,50,22
"654",0.42,0.39,2,1,4,0,115,0.5,0.05,100,50,22
"655",0.45,0.39,2,1,4,0,115,0.5,0.05,100,50,22
"656",0.48,0.39,2,1,4,0,115,0.5,0.05,100,50,22
"657",0.51,0.39,2,1,4,0,115,0.5,0.05,100,50,22
"658",0.54,0.39,2,1,4,0,115,0.5,0.05,100,50,22
"659",0.36,0.39,2,1,4,0,115,0.5,0.05,100,50,22
"660",0.39,0.39,2,1,4,0,115,0.5,0.05,100,50,22
"661",0.42,0.39,2,1,4,0,115,0.5,0.05,100,50,22
"662",0.45,0.39,2,1,4,0,115,0.5,0.05,100,50,22
"663",0.48,0.39,2,1,4,0,115,0.5,0.05,100,50,22
"664",0.51,0.39,2,1,4,0,115,0.5,0.05,100,50,22
"665",0.54,0.39,2,1,4,0,115,0.5,0.05,100,50,22
"666",0.36,0.39,2,1,4,0,115,0.5,0.05,100,50,22
"667",0.39,0.39,2,1,4,0,115,0.5,0.05,100,50,22
"668",0.42,0.39,2,1,4,0,115,0.5,0.05,100,50,22
"669",0.45,0.39,2,1,4,0,115,0.5,0.05,100,50,22
"670",0.48,0.39,2,1,4,0,115,0.5,0.05,100,50,22
"671",0.51,0.39,2,1,4,0,115,0.5,0.05,100,50,22
"672",0.54,0.39,2,1,4,0,115,0.5,0.05,100,50,22
"673",0.36,0.39,2,1,4,0,115,0.5,0.05,100,50,22
"674",0.39,0.39,2,1,4,0,115,0.5,0.05,100,50,22
"675",0.42,0.39,2,1,4,0,115,0.5,0.05,100,50,22
"676",0.45,0.39,2,1,4,0,115,0.5,0.05,100,50,22
"677",0.48,0.39,2,1,4,0,115,0.5,0.05,100,50,22
"678",0.51,0.39,2,1,4,0,115,0.5,0.05,100,50,22
"679",0.54,0.39,2,1,4,0,115,0.5,0.05,100,50,22
"680",0.36,0.39,2,1,4,0,115,0.5,0.05,100,50,22
"681",0.39,0.39,2,1,4,0,115,0.5,0.05,100,50,22
"682",0.42,0.39,2,1,4,0,115,0.5,0.05,100,50,22
"683",0.45,0.39,2,1,4,0,115,0.5,0.05,100,50,22
"684",0.48,0.39,2,1,4,0,115,0.5,0.05,100,50,22
"685",0.51,0.39,2,1,4,0,115,0.5,0.05,100,50,22
"686",0.54,0.39,2,1,4,0,115,0.5,0.05,100,50,22
"687",0.36,0.39,2,1,4,0,115,0.5,0.05,100,50,22
"688",0.39,0.39,2,1,4,0,115,0.5,0.05,100,50,22
"689",0.42,0.39,2,1,4,0,115,0.5,0.05,100,50,22
"690",0.45,0.39,2,1,4,0,115,0.5,0.05,100,50,22
"691",0.48,0.39,2,1,4,0,115,0.5,0.05,100,50,22
"692",0.51,0.39,2,1,4,0,115,0.5,0.05,100,50,22
"693",0.54,0.39,2,1,4,0,115,0.5,0.05,100,50,22
"694",0.36,0.39,2,1,4,0,115,0.5,0.05,100,50,22
"695",0.39,0.39,2,1,4,0,115,0.5,0.05,100,50,22
"696",0.42,0.39,2,1,4,0,115,0.5,0.05,100,50,22
"697",0.45,0.39,2,1,4,0,115,0.5,0.05,100,50,22
"698",0.48,0.39,2,1,4,0,115,0.5,0.05,100,50,22
"699",0.51,0.39,2,1,4,0,115,0.5,0.05,100,50,22
"700",0.54,0.39,2,1,4,0,115,0.5,0.05,100,50,22
"701",0.36,0.39,2,1,4,0,115,0.5,0.05,100,50,22
"702",0.39,0.39,2,1,4,0,115,0.5,0.05,100,50,22
"703",0.42,0.39,2,1,4,0,115,0.5,0.05,100,50,22
"704",0.45,0.39,2,1,4,0,115,0.5,0.05,100,50,22
"705",0.48,0.39,2,1,4,0,115,0.5,0.05,100,50,22
"706",0.51,0.39,2,1,4,0,115,0.5,0.05,100,50,22
"707",0.54,0.39,2,1,4,0,115,0.5,0.05,100,50,22
"708",0.36,0.39,2,1,4,0,115,0.5,0.05,100,50,22
"709",0.39,0.39,2,1,4,0,115,0.5,0.05,100,50,22
"710",0.42,0.39,2,1,4,0,115,0.5,0.05,100,50,22
"711",0.45,0.39,2,1,4,0,115,0.5,0.05,100,50,22
"712",0.48,0.39,2,1,4,0,115,0.5,0.05,100,50,22
"713",0.51,0.39,2,1,4,0,115,0.5,0.05,100,50,22
"714",0.54,0.39,2,1,4,0,115,0.5,0.05,100,50,22
"715",0.36,0.39,2,1,4,0,115,0.5,0.05,100,50,22
"716",0.39,0.39,2,1,4,0,115,0.5,0.05,100,50,22
"717",0.42,0.39,2,1,4,0,115,0.5,0.05,100,50,22
"718",0.45,0.39,2,1,4,0,115,0.5,0.05,100,50,22
"719",0.48,0.39,2,1,4,0,115,0.5,0.05,100,50,22
"720",0.51,0.39,2,1,4,0,115,0.5,0.05,100,50,22
"721",0.54,0.39,2,1,4,0,115,0.5,0.05,100,50,22
"722",0.36,0.39,2,1,4,0,115,0.5,0.05,100,50,22
"723",0.39,0.39,2,1,4,0,115,0.5,0.05,100,50,22
"724",0.42,0.39,2,1,4,0,115,0.5,0.05,100,50,22
"725",0.45,0.39,2,1,4,0,115,0.5,0.05,100,50,22
"726",0.48,0.39,2,1,4,0,115,0.5,0.05,100,50,22
"727",0.51,0.39,2,1,4,0,115,0.5,0.05,100,50,22
"728",0.54,0.39,2,1,4,0,115,0.5,0.05,100,50,22
"729",0.36,0.39,2,1,4,0,115,0.5,0.05,100,50,22
"730",0.39,0.39,2,1,4,0,115,0.5,0.05,100,50,22
"731",0.42,0.39,2,1,4,0,115,0.5,0.05,100,50,22
"732",0.45,0.39,2,1,4,0,115,0.5,0.05,100,50,22
"733",0.48,0.39,2,1,4,0,115,0.5,0.05,100,50,22
"734",0.51,0.39,2,1,4,0,115,0.5,0.05,100,50,22
"735",0.54,0.39,2,1,4,0,115,0.5,0.05,100,50,22
"736",0.36,0.39,2,1,4,0,115,0.5,0.05,100,50,22
"737",0.39,0.39,2,1,4,0,115,0.5,0.05,100,50,22
"738",0.42,0.39,2,1,4,0,115,0.5,0.05,100,50,22
"739",0.45,0.39,2,1,4,0,115,0.5,0.05,100,50,22
"740",0.48,0.39,2,1,4,0,115,0.5,0.05,100,50,22
"741",0.51,0.39,2,1,4,0,115,0.5,0.05,100,50,22
"742",0.54,0.39,2,1,4,0,115,0.5,0.05,100,50,22
"743",0.36,0.39,2,1,4,0,115,0.5,0.05,100,50,22
"744",0.39,0.39,2,1,4,0,115,0.5,0.05,100,50,22
"745",0.42,0.39,2,1,4,0,115,0.5,0.05,100,50,22
"746",0.45,0.39,2,1,4,0,115,0.5,0.05,100,50,22
"747",0.48,0.39,2,1,4,0,115,0.5,0.05,100,50,22
"748",0.51,0.39,2,1,4,0,115,0.5,0.05,100,50,22
"749",0.54,0.39,2,1,4,0,115,0.5,0.05,100,50,22
"750",0.36,0.39,2,1,4,0,115,0.5,0.05,100,50,22
"751",0.39,0.39,2,1,4,0,115,0.5,0.05,100,50,22
"752",0.42,0.39,2,1,4,0,115,0.5,0.05,100,50,22
"753",0.45,0.39,2,1,4,0,115,0.5,0.05,100,50,22
"754",0.48,0.39,2,1,4,0,115,0.5,0.05,100,50,22
"755",0.51,0.39,2,1,4,0,115,0.5,0.05,100,50,22
"756",0.54,0.39,2,1,4,0,115,0.5,0.05,100,50,22
"757",0.36,0.39,2,1,4,0,115,0.5,0.05,100,50,22
"758",0.39,0.39,2,1,4,0,115,0.5,0.05,100,50,22
"759",0.42,0.39,2,1,4,0,115,0.5,0.05,100,50,22
"760",0.45,0.39,2,1,4,0,115,0.5,0.05,100,50,22
"761",0.48,0.39,2,1,4,0,115,0.5,0.05,100,50,22
"762",0.51,0.39,2,1,4,0,115,0.5,0.05,100,50,22
"763",0.54,0.39,2,1,4,0,115,0.5,0.05,100,50,22
"764",0.36,0.39,2,1,4,0,115,0.5,0.05,100,50,22
"765",0.39,0.39,2,1,4,0,115,0.5,0.05,100,50,22
"766",0.42,0.39,2,1,4,0,115,0.5,0.05,100,50,22
"767",0.45,0.39,2,1,4,0,115,0.5,0.05,100,50,22
"768",0.48,0.39,2,1,4,0,115,0.5,0.05,100,50,22
"769",0.51,0.39,2,1,4,0,115,0.5,0.05,100,50,22
"770",0.54,0.39,2,1,4,0,115,0.5,0.05,100,50,22
"771",0.36,0.39,2,1,4,0,115,0.5,0.05,100,50,22
"772",0.39,0.39,2,1,4,0,115,0.5,0.05,100,50,22
"773",0.42,0.39,2,1,4,0,115,0.5,0.05,100,50,22
"774",0.45,0.39,2,1,4,0,115,0.5,0.05,100,50,22
"775",0.48,0.39,2,1,4,0,115,0.5,0.05,100,50,22
"776",0.51,0.39,2,1,4,0,115,0.5,0.05,100,50,22
"777",0.54,0.39,2,1,4,0,115,0.5,0.05,100,50,22
"778",0.36,0.39,2,1,4,0,115,0.5,0.05,100,50,22
"779",0.39,0.39,2,1,4,0,115,0.5,0.05,100,50,22
"780",0.42,0.39,2,1,4,0,115,0.5,0.05,100,50,22
"781",0.45,0.39,2,1,4,0,115,0.5,0.05,100,50,22
"782",0.48,0.39,2,1,4,0,115,0.5,0.05,100,50,22
"783",0.51,0.39,2,1,4,0,115,0.5,0.05,100,50,22
"784",0.54,0.39,2,1,4,0,115,0.5,0.05,100,50,22
"785",0.36,0.39,2,1,4,0,115,0.5,0.05,100,50,22
"786",0.39,0.39,2,1,4,0,115,0.5,0.05,100,50,22
"787",0.42,0.39,2,1,4,0,115,0.5,0.05,100,50,22
"788",0.45,0.39,2,1,4,0,115,0.5,0.05,100,50,22
"789",0.48,0.39,2,1,4,0,115,0.5,0.05,100,50,22
"790",0.51,0.39,2,1,4,0,115,0.5,0.05,100,50,22
"791",0.54,0.39,2,1,4,0,115,0.5,0.05,100,50,22
"792",0.36,0.39,2,1,4,0,115,0.5,0.05,100,50,22
"793",0.39,0.39,2,1,4,0,115,0.5,0.05,100,50,22
"794",0.42,0.39,2,1,4,0,115,0.5,0.05,100,50,22
"795",0.45,0.39,2,1,4,0,115,0.5,0.05,100,50,22
"796",0.48,0.39,2,1,4,0,115,0.5,0.05,100,50,22
"797",0.51,0.39,2,1,4,0,115,0.5,0.05,100,50,22
"798",0.54,0.39,2,1,4,0,115,0.5,0.05,100,50,22
