"","X1","idx"
"y1.IP.50",20,36
"y0.IP.50",13,36
"y1.PC.50",10,36
"y0.PC.50",9,36
"eff.prob.50",0.947835398707426,36
"fut.prob.50",0.494759977586214,36
"eff.mix.prob.50",0.170108898994051,36
"box.skpt.50",0.47019550710973,36
"box.enth.50",0.769936151271444,36
"box.ni.50",NA,36
"y1.IP.52",20,36
"y0.IP.52",13,36
"y1.PC.52",10,36
"y0.PC.52",9,36
"eff.prob.52",0.947835398707426,36
"fut.prob.52",0.494759977586214,36
"eff.mix.prob.52",0.170108898994051,36
"box.skpt.52",0.47019550710973,36
"box.enth.52",0.769936151271444,36
"box.ni.52",NA,36
"y1.IP.54",21,36
"y0.IP.54",13,36
"y1.PC.54",10,36
"y0.PC.54",10,36
"eff.prob.54",0.964292247676868,36
"fut.prob.54",0.454730118267318,36
"eff.mix.prob.54",0.150208602211645,36
"box.skpt.54",0.413194812548919,36
"box.enth.54",0.810166003656015,36
"box.ni.54",NA,36
"y1.IP.56",21,36
"y0.IP.56",14,36
"y1.PC.56",10,36
"y0.PC.56",11,36
"eff.prob.56",0.968078423845701,36
"fut.prob.56",0.457375334614647,36
"eff.mix.prob.56",0.128930108807394,36
"box.skpt.56",0.439598791783986,36
"box.enth.56",0.861791739870954,36
"box.ni.56",NA,36
"y1.IP.58",21,36
"y0.IP.58",14,36
"y1.PC.58",11,36
"y0.PC.58",12,36
"eff.prob.58",0.967686241571514,36
"fut.prob.58",0.46079344197324,36
"eff.mix.prob.58",0.131041249832809,36
"box.skpt.58",0.444024860765551,36
"box.enth.58",0.85607232051593,36
"box.ni.58",NA,36
"y1.IP.60",21,36
"y0.IP.60",15,36
"y1.PC.60",11,36
"y0.PC.60",13,36
"eff.prob.60",0.970048294350089,36
"fut.prob.60",0.465005971311497,36
"eff.mix.prob.60",0.115836413493552,36
"box.skpt.60",0.474894614391153,36
"box.enth.60",0.902304213434672,36
"box.ni.60",NA,36
"y1.IP.62",21,36
"y0.IP.62",15,36
"y1.PC.62",11,36
"y0.PC.62",15,36
"eff.prob.62",0.978076235423065,36
"fut.prob.62",0.425502162910808,36
"eff.mix.prob.62",0.112782807881656,36
"box.skpt.62",0.390969517783039,36
"box.enth.62",0.913639003143991,36
"box.ni.62",NA,36
"y1.IP.64",NA,36
"y0.IP.64",NA,36
"y1.PC.64",NA,36
"y0.PC.64",NA,36
"eff.prob.64",NA,36
"fut.prob.64",NA,36
"eff.mix.prob.64",NA,36
"box.skpt.64",NA,36
"box.enth.64",NA,36
"box.ni.64",NA,36
"y1.IP.66",NA,36
"y0.IP.66",NA,36
"y1.PC.66",NA,36
"y0.PC.66",NA,36
"eff.prob.66",NA,36
"fut.prob.66",NA,36
"eff.mix.prob.66",NA,36
"box.skpt.66",NA,36
"box.enth.66",NA,36
"box.ni.66",NA,36
"y1.IP.68",NA,36
"y0.IP.68",NA,36
"y1.PC.68",NA,36
"y0.PC.68",NA,36
"eff.prob.68",NA,36
"fut.prob.68",NA,36
"eff.mix.prob.68",NA,36
"box.skpt.68",NA,36
"box.enth.68",NA,36
"box.ni.68",NA,36
"y1.IP.70",NA,36
"y0.IP.70",NA,36
"y1.PC.70",NA,36
"y0.PC.70",NA,36
"eff.prob.70",NA,36
"fut.prob.70",NA,36
"eff.mix.prob.70",NA,36
"box.skpt.70",NA,36
"box.enth.70",NA,36
"box.ni.70",NA,36
"y1.IP.72",NA,36
"y0.IP.72",NA,36
"y1.PC.72",NA,36
"y0.PC.72",NA,36
"eff.prob.72",NA,36
"fut.prob.72",NA,36
"eff.mix.prob.72",NA,36
"box.skpt.72",NA,36
"box.enth.72",NA,36
"box.ni.72",NA,36
"y1.IP.74",NA,36
"y0.IP.74",NA,36
"y1.PC.74",NA,36
"y0.PC.74",NA,36
"eff.prob.74",NA,36
"fut.prob.74",NA,36
"eff.mix.prob.74",NA,36
"box.skpt.74",NA,36
"box.enth.74",NA,36
"box.ni.74",NA,36
"y1.IP.76",NA,36
"y0.IP.76",NA,36
"y1.PC.76",NA,36
"y0.PC.76",NA,36
"eff.prob.76",NA,36
"fut.prob.76",NA,36
"eff.mix.prob.76",NA,36
"box.skpt.76",NA,36
"box.enth.76",NA,36
"box.ni.76",NA,36
"y1.IP.78",NA,36
"y0.IP.78",NA,36
"y1.PC.78",NA,36
"y0.PC.78",NA,36
"eff.prob.78",NA,36
"fut.prob.78",NA,36
"eff.mix.prob.78",NA,36
"box.skpt.78",NA,36
"box.enth.78",NA,36
"box.ni.78",NA,36
"y1.IP.80",NA,36
"y0.IP.80",NA,36
"y1.PC.80",NA,36
"y0.PC.80",NA,36
"eff.prob.80",NA,36
"fut.prob.80",NA,36
"eff.mix.prob.80",NA,36
"box.skpt.80",NA,36
"box.enth.80",NA,36
"box.ni.80",NA,36
"y1.IP.82",NA,36
"y0.IP.82",NA,36
"y1.PC.82",NA,36
"y0.PC.82",NA,36
"eff.prob.82",NA,36
"fut.prob.82",NA,36
"eff.mix.prob.82",NA,36
"box.skpt.82",NA,36
"box.enth.82",NA,36
"box.ni.82",NA,36
"y1.IP.84",NA,36
"y0.IP.84",NA,36
"y1.PC.84",NA,36
"y0.PC.84",NA,36
"eff.prob.84",NA,36
"fut.prob.84",NA,36
"eff.mix.prob.84",NA,36
"box.skpt.84",NA,36
"box.enth.84",NA,36
"box.ni.84",NA,36
"y1.IP.86",NA,36
"y0.IP.86",NA,36
"y1.PC.86",NA,36
"y0.PC.86",NA,36
"eff.prob.86",NA,36
"fut.prob.86",NA,36
"eff.mix.prob.86",NA,36
"box.skpt.86",NA,36
"box.enth.86",NA,36
"box.ni.86",NA,36
"y1.IP.88",NA,36
"y0.IP.88",NA,36
"y1.PC.88",NA,36
"y0.PC.88",NA,36
"eff.prob.88",NA,36
"fut.prob.88",NA,36
"eff.mix.prob.88",NA,36
"box.skpt.88",NA,36
"box.enth.88",NA,36
"box.ni.88",NA,36
"y1.IP.90",NA,36
"y0.IP.90",NA,36
"y1.PC.90",NA,36
"y0.PC.90",NA,36
"eff.prob.90",NA,36
"fut.prob.90",NA,36
"eff.mix.prob.90",NA,36
"box.skpt.90",NA,36
"box.enth.90",NA,36
"box.ni.90",NA,36
"y1.IP.92",NA,36
"y0.IP.92",NA,36
"y1.PC.92",NA,36
"y0.PC.92",NA,36
"eff.prob.92",NA,36
"fut.prob.92",NA,36
"eff.mix.prob.92",NA,36
"box.skpt.92",NA,36
"box.enth.92",NA,36
"box.ni.92",NA,36
"y1.IP.initial",21,36
"y0.IP.initial",15,36
"y1.PC.initial",11,36
"y0.PC.initial",15,36
"eff.prob.initial",0.978076235423065,36
"fut.prob.initial",0.425502162910808,36
"eff.mix.prob.initial",0.112782807881656,36
"box.skpt.initial",0.390969517783039,36
"box.enth.initial",0.913639003143991,36
"box.ni.initial",NA,36
"y1.IP.final",27,36
"y0.IP.final",25,36
"y1.PC.final",16,36
"y0.PC.final",22,36
"eff.prob.final",0.966592415021381,36
"fut.prob.final",0.537185109326575,36
"eff.mix.prob.final",0.102618054915483,36
"box.skpt.final",0.626243844207711,36
"box.enth.final",0.965337517164625,36
"box.ni.final",NA,36
