"","X1","idx"
"y1.IP.50",20,30
"y0.IP.50",13,30
"y1.PC.50",10,30
"y0.PC.50",9,30
"eff.prob.50",0.930099386963381,30
"fut.prob.50",0.494759977586214,30
"eff.mix.prob.50",0.229004859134871,30
"box.skpt.50",0.469889705956595,30
"box.enth.50",0.769936151271444,30
"box.ni.50",NA,30
"y1.IP.52",20,30
"y0.IP.52",13,30
"y1.PC.52",10,30
"y0.PC.52",9,30
"eff.prob.52",0.930099386963381,30
"fut.prob.52",0.494759977586214,30
"eff.mix.prob.52",0.229004859134871,30
"box.skpt.52",0.469889705956595,30
"box.enth.52",0.769936151271444,30
"box.ni.52",NA,30
"y1.IP.54",21,30
"y0.IP.54",13,30
"y1.PC.54",10,30
"y0.PC.54",10,30
"eff.prob.54",0.952443847946957,30
"fut.prob.54",0.454730118267318,30
"eff.mix.prob.54",0.200058255069675,30
"box.skpt.54",0.396181250587763,30
"box.enth.54",0.810166003656015,30
"box.ni.54",NA,30
"y1.IP.56",21,30
"y0.IP.56",14,30
"y1.PC.56",10,30
"y0.PC.56",11,30
"eff.prob.56",0.959279023666677,30
"fut.prob.56",0.457375334614647,30
"eff.mix.prob.56",0.165770093179433,30
"box.skpt.56",0.430205846606967,30
"box.enth.56",0.861791739870954,30
"box.ni.56",NA,30
"y1.IP.58",21,30
"y0.IP.58",14,30
"y1.PC.58",11,30
"y0.PC.58",12,30
"eff.prob.58",0.958520355414965,30
"fut.prob.58",0.46079344197324,30
"eff.mix.prob.58",0.169391984051063,30
"box.skpt.58",0.434758964441339,30
"box.enth.58",0.85607232051593,30
"box.ni.58",NA,30
"y1.IP.60",21,30
"y0.IP.60",15,30
"y1.PC.60",11,30
"y0.PC.60",13,30
"eff.prob.60",0.963564352181801,30
"fut.prob.60",0.465005971311497,30
"eff.mix.prob.60",0.141577498997053,30
"box.skpt.60",0.469131300223958,30
"box.enth.60",0.902304213434672,30
"box.ni.60",NA,30
"y1.IP.62",21,30
"y0.IP.62",15,30
"y1.PC.62",11,30
"y0.PC.62",15,30
"eff.prob.62",0.97351391791612,30
"fut.prob.62",0.425502162910808,30
"eff.mix.prob.62",0.135322744372976,30
"box.skpt.62",0.379153630691362,30
"box.enth.62",0.913639003143991,30
"box.ni.62",NA,30
"y1.IP.64",21,30
"y0.IP.64",15,30
"y1.PC.64",11,30
"y0.PC.64",17,30
"eff.prob.64",0.977544813694768,30
"fut.prob.64",0.388929661060896,30
"eff.mix.prob.64",0.156745508873358,30
"box.skpt.64",0.295172254853324,30
"box.enth.64",0.87639126640685,30
"box.ni.64",NA,30
"y1.IP.66",NA,30
"y0.IP.66",NA,30
"y1.PC.66",NA,30
"y0.PC.66",NA,30
"eff.prob.66",NA,30
"fut.prob.66",NA,30
"eff.mix.prob.66",NA,30
"box.skpt.66",NA,30
"box.enth.66",NA,30
"box.ni.66",NA,30
"y1.IP.68",NA,30
"y0.IP.68",NA,30
"y1.PC.68",NA,30
"y0.PC.68",NA,30
"eff.prob.68",NA,30
"fut.prob.68",NA,30
"eff.mix.prob.68",NA,30
"box.skpt.68",NA,30
"box.enth.68",NA,30
"box.ni.68",NA,30
"y1.IP.70",NA,30
"y0.IP.70",NA,30
"y1.PC.70",NA,30
"y0.PC.70",NA,30
"eff.prob.70",NA,30
"fut.prob.70",NA,30
"eff.mix.prob.70",NA,30
"box.skpt.70",NA,30
"box.enth.70",NA,30
"box.ni.70",NA,30
"y1.IP.72",NA,30
"y0.IP.72",NA,30
"y1.PC.72",NA,30
"y0.PC.72",NA,30
"eff.prob.72",NA,30
"fut.prob.72",NA,30
"eff.mix.prob.72",NA,30
"box.skpt.72",NA,30
"box.enth.72",NA,30
"box.ni.72",NA,30
"y1.IP.74",NA,30
"y0.IP.74",NA,30
"y1.PC.74",NA,30
"y0.PC.74",NA,30
"eff.prob.74",NA,30
"fut.prob.74",NA,30
"eff.mix.prob.74",NA,30
"box.skpt.74",NA,30
"box.enth.74",NA,30
"box.ni.74",NA,30
"y1.IP.76",NA,30
"y0.IP.76",NA,30
"y1.PC.76",NA,30
"y0.PC.76",NA,30
"eff.prob.76",NA,30
"fut.prob.76",NA,30
"eff.mix.prob.76",NA,30
"box.skpt.76",NA,30
"box.enth.76",NA,30
"box.ni.76",NA,30
"y1.IP.78",NA,30
"y0.IP.78",NA,30
"y1.PC.78",NA,30
"y0.PC.78",NA,30
"eff.prob.78",NA,30
"fut.prob.78",NA,30
"eff.mix.prob.78",NA,30
"box.skpt.78",NA,30
"box.enth.78",NA,30
"box.ni.78",NA,30
"y1.IP.80",NA,30
"y0.IP.80",NA,30
"y1.PC.80",NA,30
"y0.PC.80",NA,30
"eff.prob.80",NA,30
"fut.prob.80",NA,30
"eff.mix.prob.80",NA,30
"box.skpt.80",NA,30
"box.enth.80",NA,30
"box.ni.80",NA,30
"y1.IP.82",NA,30
"y0.IP.82",NA,30
"y1.PC.82",NA,30
"y0.PC.82",NA,30
"eff.prob.82",NA,30
"fut.prob.82",NA,30
"eff.mix.prob.82",NA,30
"box.skpt.82",NA,30
"box.enth.82",NA,30
"box.ni.82",NA,30
"y1.IP.84",NA,30
"y0.IP.84",NA,30
"y1.PC.84",NA,30
"y0.PC.84",NA,30
"eff.prob.84",NA,30
"fut.prob.84",NA,30
"eff.mix.prob.84",NA,30
"box.skpt.84",NA,30
"box.enth.84",NA,30
"box.ni.84",NA,30
"y1.IP.86",NA,30
"y0.IP.86",NA,30
"y1.PC.86",NA,30
"y0.PC.86",NA,30
"eff.prob.86",NA,30
"fut.prob.86",NA,30
"eff.mix.prob.86",NA,30
"box.skpt.86",NA,30
"box.enth.86",NA,30
"box.ni.86",NA,30
"y1.IP.88",NA,30
"y0.IP.88",NA,30
"y1.PC.88",NA,30
"y0.PC.88",NA,30
"eff.prob.88",NA,30
"fut.prob.88",NA,30
"eff.mix.prob.88",NA,30
"box.skpt.88",NA,30
"box.enth.88",NA,30
"box.ni.88",NA,30
"y1.IP.90",NA,30
"y0.IP.90",NA,30
"y1.PC.90",NA,30
"y0.PC.90",NA,30
"eff.prob.90",NA,30
"fut.prob.90",NA,30
"eff.mix.prob.90",NA,30
"box.skpt.90",NA,30
"box.enth.90",NA,30
"box.ni.90",NA,30
"y1.IP.92",NA,30
"y0.IP.92",NA,30
"y1.PC.92",NA,30
"y0.PC.92",NA,30
"eff.prob.92",NA,30
"fut.prob.92",NA,30
"eff.mix.prob.92",NA,30
"box.skpt.92",NA,30
"box.enth.92",NA,30
"box.ni.92",NA,30
"y1.IP.initial",21,30
"y0.IP.initial",15,30
"y1.PC.initial",11,30
"y0.PC.initial",17,30
"eff.prob.initial",0.977544813694768,30
"fut.prob.initial",0.388929661060896,30
"eff.mix.prob.initial",0.156745508873358,30
"box.skpt.initial",0.295172254853324,30
"box.enth.initial",0.87639126640685,30
"box.ni.initial",NA,30
"y1.IP.final",28,30
"y0.IP.final",25,30
"y1.PC.final",17,30
"y0.PC.final",22,30
"eff.prob.final",0.958833433281967,30
"fut.prob.final",0.543726628278592,30
"eff.mix.prob.final",0.124699954292297,30
"box.skpt.final",0.60419949869512,30
"box.enth.final",0.934112954958878,30
"box.ni.final",NA,30
