"","X1","idx"
"y1.IP.50",20,1
"y0.IP.50",13,1
"y1.PC.50",10,1
"y0.PC.50",9,1
"eff.prob.50",0.670036970861432,1
"fut.prob.50",0.494759977586214,1
"eff.mix.prob.50",1,1
"box.skpt.50",NA,1
"box.enth.50",NA,1
"box.ni.50",NA,1
"y1.IP.52",20,1
"y0.IP.52",13,1
"y1.PC.52",10,1
"y0.PC.52",9,1
"eff.prob.52",0.670036970861432,1
"fut.prob.52",0.494759977586214,1
"eff.mix.prob.52",1,1
"box.skpt.52",NA,1
"box.enth.52",NA,1
"box.ni.52",NA,1
"y1.IP.54",21,1
"y0.IP.54",13,1
"y1.PC.54",10,1
"y0.PC.54",11,1
"eff.prob.54",0.730606420281071,1
"fut.prob.54",0.432325666716477,1
"eff.mix.prob.54",1,1
"box.skpt.54",NA,1
"box.enth.54",NA,1
"box.ni.54",NA,1
"y1.IP.56",21,1
"y0.IP.56",14,1
"y1.PC.56",10,1
"y0.PC.56",11,1
"eff.prob.56",0.711235049564488,1
"fut.prob.56",0.457375334614647,1
"eff.mix.prob.56",1,1
"box.skpt.56",NA,1
"box.enth.56",NA,1
"box.ni.56",NA,1
"y1.IP.58",21,1
"y0.IP.58",14,1
"y1.PC.58",11,1
"y0.PC.58",12,1
"eff.prob.58",0.712760293802256,1
"fut.prob.58",0.46079344197324,1
"eff.mix.prob.58",1,1
"box.skpt.58",NA,1
"box.enth.58",NA,1
"box.ni.58",NA,1
"y1.IP.60",21,1
"y0.IP.60",15,1
"y1.PC.60",11,1
"y0.PC.60",13,1
"eff.prob.60",0.713184944902714,1
"fut.prob.60",0.465005971311497,1
"eff.mix.prob.60",1,1
"box.skpt.60",NA,1
"box.enth.60",NA,1
"box.ni.60",NA,1
"y1.IP.62",21,1
"y0.IP.62",15,1
"y1.PC.62",11,1
"y0.PC.62",15,1
"eff.prob.62",0.749796749415349,1
"fut.prob.62",0.425502162910808,1
"eff.mix.prob.62",1,1
"box.skpt.62",NA,1
"box.enth.62",NA,1
"box.ni.62",NA,1
"y1.IP.64",21,1
"y0.IP.64",15,1
"y1.PC.64",11,1
"y0.PC.64",17,1
"eff.prob.64",0.781941720507862,1
"fut.prob.64",0.388929661060896,1
"eff.mix.prob.64",1,1
"box.skpt.64",NA,1
"box.enth.64",NA,1
"box.ni.64",NA,1
"y1.IP.66",22,1
"y0.IP.66",16,1
"y1.PC.66",11,1
"y0.PC.66",17,1
"eff.prob.66",0.782196311030789,1
"fut.prob.66",0.393258750560276,1
"eff.mix.prob.66",1,1
"box.skpt.66",NA,1
"box.enth.66",NA,1
"box.ni.66",NA,1
"y1.IP.68",22,1
"y0.IP.68",17,1
"y1.PC.68",11,1
"y0.PC.68",18,1
"eff.prob.68",0.781802583374651,1
"fut.prob.68",0.398602891551395,1
"eff.mix.prob.68",1,1
"box.skpt.68",NA,1
"box.enth.68",NA,1
"box.ni.68",NA,1
"y1.IP.70",22,1
"y0.IP.70",18,1
"y1.PC.70",12,1
"y0.PC.70",18,1
"eff.prob.70",0.747530338541347,1
"fut.prob.70",0.447364602543066,1
"eff.mix.prob.70",1,1
"box.skpt.70",NA,1
"box.enth.70",NA,1
"box.ni.70",NA,1
"y1.IP.72",23,1
"y0.IP.72",18,1
"y1.PC.72",12,1
"y0.PC.72",19,1
"eff.prob.72",0.780319415201357,1
"fut.prob.72",0.409570150037658,1
"eff.mix.prob.72",1,1
"box.skpt.72",NA,1
"box.enth.72",NA,1
"box.ni.72",NA,1
"y1.IP.74",24,1
"y0.IP.74",18,1
"y1.PC.74",13,1
"y0.PC.74",19,1
"eff.prob.74",0.779311817873857,1
"fut.prob.74",0.415078194226177,1
"eff.mix.prob.74",1,1
"box.skpt.74",NA,1
"box.enth.74",NA,1
"box.ni.74",NA,1
"y1.IP.76",24,1
"y0.IP.76",19,1
"y1.PC.76",13,1
"y0.PC.76",20,1
"eff.prob.76",0.778874829122557,1
"fut.prob.76",0.420437016218892,1
"eff.mix.prob.76",1,1
"box.skpt.76",NA,1
"box.enth.76",NA,1
"box.ni.76",NA,1
"y1.IP.78",25,1
"y0.IP.78",20,1
"y1.PC.78",13,1
"y0.PC.78",22,1
"eff.prob.78",0.808520828232897,1
"fut.prob.78",0.388776526270409,1
"eff.mix.prob.78",1,1
"box.skpt.78",NA,1
"box.enth.78",NA,1
"box.ni.78",NA,1
"y1.IP.80",25,1
"y0.IP.80",20,1
"y1.PC.80",13,1
"y0.PC.80",22,1
"eff.prob.80",0.808520828232897,1
"fut.prob.80",0.388776526270409,1
"eff.mix.prob.80",1,1
"box.skpt.80",NA,1
"box.enth.80",NA,1
"box.ni.80",NA,1
"y1.IP.82",25,1
"y0.IP.82",21,1
"y1.PC.82",14,1
"y0.PC.82",22,1
"eff.prob.82",0.777132713914928,1
"fut.prob.82",0.43647923279427,1
"eff.mix.prob.82",1,1
"box.skpt.82",NA,1
"box.enth.82",NA,1
"box.ni.82",NA,1
"y1.IP.84",26,1
"y0.IP.84",22,1
"y1.PC.84",16,1
"y0.PC.84",22,1
"eff.prob.84",0.742320379414966,1
"fut.prob.84",0.489860861209323,1
"eff.mix.prob.84",1,1
"box.skpt.84",NA,1
"box.enth.84",NA,1
"box.ni.84",NA,1
"y1.IP.86",26,1
"y0.IP.86",22,1
"y1.PC.86",16,1
"y0.PC.86",22,1
"eff.prob.86",0.742320379414966,1
"fut.prob.86",0.489860861209323,1
"eff.mix.prob.86",1,1
"box.skpt.86",NA,1
"box.enth.86",NA,1
"box.ni.86",NA,1
"y1.IP.88",27,1
"y0.IP.88",23,1
"y1.PC.88",16,1
"y0.PC.88",22,1
"eff.prob.88",0.743221337672238,1
"fut.prob.88",0.493092988054606,1
"eff.mix.prob.88",1,1
"box.skpt.88",NA,1
"box.enth.88",NA,1
"box.ni.88",NA,1
"y1.IP.90",27,1
"y0.IP.90",25,1
"y1.PC.90",16,1
"y0.PC.90",22,1
"eff.prob.90",0.710613697454739,1
"fut.prob.90",0.537185109326575,1
"eff.mix.prob.90",1,1
"box.skpt.90",NA,1
"box.enth.90",NA,1
"box.ni.90",NA,1
"y1.IP.92",28,1
"y0.IP.92",25,1
"y1.PC.92",17,1
"y0.PC.92",22,1
"eff.prob.92",0.708336736116343,1
"fut.prob.92",0.543726628278592,1
"eff.mix.prob.92",1,1
"box.skpt.92",NA,1
"box.enth.92",NA,1
"box.ni.92",NA,1
"y1.IP.initial",28,1
"y0.IP.initial",25,1
"y1.PC.initial",17,1
"y0.PC.initial",22,1
"eff.prob.initial",0.708336736116343,1
"fut.prob.initial",0.543726628278592,1
"eff.mix.prob.initial",1,1
"box.skpt.initial",NA,1
"box.enth.initial",NA,1
"box.ni.initial",NA,1
"y1.IP.final",28,1
"y0.IP.final",25,1
"y1.PC.final",17,1
"y0.PC.final",22,1
"eff.prob.final",0.708336736116343,1
"fut.prob.final",0.543726628278592,1
"eff.mix.prob.final",1,1
"box.skpt.final",NA,1
"box.enth.final",NA,1
"box.ni.final",NA,1
