"","X1","idx"
"y1.IP.50",20,23
"y0.IP.50",13,23
"y1.PC.50",10,23
"y0.PC.50",9,23
"eff.prob.50",0.923601029437089,23
"fut.prob.50",0.494759977586214,23
"eff.mix.prob.50",0.268560656292128,23
"box.skpt.50",0.47019550710973,23
"box.enth.50",0.769936151271444,23
"box.ni.50",NA,23
"y1.IP.52",20,23
"y0.IP.52",13,23
"y1.PC.52",10,23
"y0.PC.52",9,23
"eff.prob.52",0.923601029437089,23
"fut.prob.52",0.494759977586214,23
"eff.mix.prob.52",0.268560656292128,23
"box.skpt.52",0.47019550710973,23
"box.enth.52",0.769936151271444,23
"box.ni.52",NA,23
"y1.IP.54",21,23
"y0.IP.54",13,23
"y1.PC.54",10,23
"y0.PC.54",11,23
"eff.prob.54",0.961075534222677,23
"fut.prob.54",0.432325666716477,23
"eff.mix.prob.54",0.204891036294076,23
"box.skpt.54",0.377233005444086,23
"box.enth.54",0.836956803900972,23
"box.ni.54",NA,23
"y1.IP.56",21,23
"y0.IP.56",14,23
"y1.PC.56",10,23
"y0.PC.56",11,23
"eff.prob.56",0.958675709037204,23
"fut.prob.56",0.457375334614647,23
"eff.mix.prob.56",0.181297847122594,23
"box.skpt.56",0.439598791783986,23
"box.enth.56",0.861791739870954,23
"box.ni.56",NA,23
"y1.IP.58",21,23
"y0.IP.58",14,23
"y1.PC.58",11,23
"y0.PC.58",12,23
"eff.prob.58",0.957663173466726,23
"fut.prob.58",0.46079344197324,23
"eff.mix.prob.58",0.186731295509866,23
"box.skpt.58",0.444024860765551,23
"box.enth.58",0.85607232051593,23
"box.ni.58",NA,23
"y1.IP.60",21,23
"y0.IP.60",15,23
"y1.PC.60",11,23
"y0.PC.60",13,23
"eff.prob.60",0.965287559465515,23
"fut.prob.60",0.465005971311497,23
"eff.mix.prob.60",0.142810997237062,23
"box.skpt.60",0.474894614391153,23
"box.enth.60",0.902304213434672,23
"box.ni.60",NA,23
"y1.IP.62",21,23
"y0.IP.62",15,23
"y1.PC.62",11,23
"y0.PC.62",15,23
"eff.prob.62",0.975538604938516,23
"fut.prob.62",0.425502162910808,23
"eff.mix.prob.62",0.132042947013209,23
"box.skpt.62",0.390969517783039,23
"box.enth.62",0.913639003143991,23
"box.ni.62",NA,23
"y1.IP.64",NA,23
"y0.IP.64",NA,23
"y1.PC.64",NA,23
"y0.PC.64",NA,23
"eff.prob.64",NA,23
"fut.prob.64",NA,23
"eff.mix.prob.64",NA,23
"box.skpt.64",NA,23
"box.enth.64",NA,23
"box.ni.64",NA,23
"y1.IP.66",NA,23
"y0.IP.66",NA,23
"y1.PC.66",NA,23
"y0.PC.66",NA,23
"eff.prob.66",NA,23
"fut.prob.66",NA,23
"eff.mix.prob.66",NA,23
"box.skpt.66",NA,23
"box.enth.66",NA,23
"box.ni.66",NA,23
"y1.IP.68",NA,23
"y0.IP.68",NA,23
"y1.PC.68",NA,23
"y0.PC.68",NA,23
"eff.prob.68",NA,23
"fut.prob.68",NA,23
"eff.mix.prob.68",NA,23
"box.skpt.68",NA,23
"box.enth.68",NA,23
"box.ni.68",NA,23
"y1.IP.70",NA,23
"y0.IP.70",NA,23
"y1.PC.70",NA,23
"y0.PC.70",NA,23
"eff.prob.70",NA,23
"fut.prob.70",NA,23
"eff.mix.prob.70",NA,23
"box.skpt.70",NA,23
"box.enth.70",NA,23
"box.ni.70",NA,23
"y1.IP.72",NA,23
"y0.IP.72",NA,23
"y1.PC.72",NA,23
"y0.PC.72",NA,23
"eff.prob.72",NA,23
"fut.prob.72",NA,23
"eff.mix.prob.72",NA,23
"box.skpt.72",NA,23
"box.enth.72",NA,23
"box.ni.72",NA,23
"y1.IP.74",NA,23
"y0.IP.74",NA,23
"y1.PC.74",NA,23
"y0.PC.74",NA,23
"eff.prob.74",NA,23
"fut.prob.74",NA,23
"eff.mix.prob.74",NA,23
"box.skpt.74",NA,23
"box.enth.74",NA,23
"box.ni.74",NA,23
"y1.IP.76",NA,23
"y0.IP.76",NA,23
"y1.PC.76",NA,23
"y0.PC.76",NA,23
"eff.prob.76",NA,23
"fut.prob.76",NA,23
"eff.mix.prob.76",NA,23
"box.skpt.76",NA,23
"box.enth.76",NA,23
"box.ni.76",NA,23
"y1.IP.78",NA,23
"y0.IP.78",NA,23
"y1.PC.78",NA,23
"y0.PC.78",NA,23
"eff.prob.78",NA,23
"fut.prob.78",NA,23
"eff.mix.prob.78",NA,23
"box.skpt.78",NA,23
"box.enth.78",NA,23
"box.ni.78",NA,23
"y1.IP.80",NA,23
"y0.IP.80",NA,23
"y1.PC.80",NA,23
"y0.PC.80",NA,23
"eff.prob.80",NA,23
"fut.prob.80",NA,23
"eff.mix.prob.80",NA,23
"box.skpt.80",NA,23
"box.enth.80",NA,23
"box.ni.80",NA,23
"y1.IP.82",NA,23
"y0.IP.82",NA,23
"y1.PC.82",NA,23
"y0.PC.82",NA,23
"eff.prob.82",NA,23
"fut.prob.82",NA,23
"eff.mix.prob.82",NA,23
"box.skpt.82",NA,23
"box.enth.82",NA,23
"box.ni.82",NA,23
"y1.IP.84",NA,23
"y0.IP.84",NA,23
"y1.PC.84",NA,23
"y0.PC.84",NA,23
"eff.prob.84",NA,23
"fut.prob.84",NA,23
"eff.mix.prob.84",NA,23
"box.skpt.84",NA,23
"box.enth.84",NA,23
"box.ni.84",NA,23
"y1.IP.86",NA,23
"y0.IP.86",NA,23
"y1.PC.86",NA,23
"y0.PC.86",NA,23
"eff.prob.86",NA,23
"fut.prob.86",NA,23
"eff.mix.prob.86",NA,23
"box.skpt.86",NA,23
"box.enth.86",NA,23
"box.ni.86",NA,23
"y1.IP.88",NA,23
"y0.IP.88",NA,23
"y1.PC.88",NA,23
"y0.PC.88",NA,23
"eff.prob.88",NA,23
"fut.prob.88",NA,23
"eff.mix.prob.88",NA,23
"box.skpt.88",NA,23
"box.enth.88",NA,23
"box.ni.88",NA,23
"y1.IP.90",NA,23
"y0.IP.90",NA,23
"y1.PC.90",NA,23
"y0.PC.90",NA,23
"eff.prob.90",NA,23
"fut.prob.90",NA,23
"eff.mix.prob.90",NA,23
"box.skpt.90",NA,23
"box.enth.90",NA,23
"box.ni.90",NA,23
"y1.IP.92",NA,23
"y0.IP.92",NA,23
"y1.PC.92",NA,23
"y0.PC.92",NA,23
"eff.prob.92",NA,23
"fut.prob.92",NA,23
"eff.mix.prob.92",NA,23
"box.skpt.92",NA,23
"box.enth.92",NA,23
"box.ni.92",NA,23
"y1.IP.initial",21,23
"y0.IP.initial",15,23
"y1.PC.initial",11,23
"y0.PC.initial",15,23
"eff.prob.initial",0.975538604938516,23
"fut.prob.initial",0.425502162910808,23
"eff.mix.prob.initial",0.132042947013209,23
"box.skpt.initial",0.390969517783039,23
"box.enth.initial",0.913639003143991,23
"box.ni.initial",NA,23
"y1.IP.final",27,23
"y0.IP.final",25,23
"y1.PC.final",16,23
"y0.PC.final",22,23
"eff.prob.final",0.970552051452189,23
"fut.prob.final",0.537185109326575,23
"eff.mix.prob.final",0.0829293586936058,23
"box.skpt.final",0.626243844207711,23
"box.enth.final",0.965337517164625,23
"box.ni.final",NA,23
