"","X1","idx"
"y1.IP.50",20,49
"y0.IP.50",13,49
"y1.PC.50",10,49
"y0.PC.50",9,49
"eff.prob.50",0.951066819857472,49
"fut.prob.50",0.494759977586214,49
"eff.mix.prob.50",0.156448805028166,49
"box.skpt.50",0.47019550710973,49
"box.enth.50",0.769936151271444,49
"box.ni.50",NA,49
"y1.IP.52",20,49
"y0.IP.52",13,49
"y1.PC.52",10,49
"y0.PC.52",9,49
"eff.prob.52",0.951066819857472,49
"fut.prob.52",0.494759977586214,49
"eff.mix.prob.52",0.156448805028166,49
"box.skpt.52",0.47019550710973,49
"box.enth.52",0.769936151271444,49
"box.ni.52",NA,49
"y1.IP.54",21,49
"y0.IP.54",13,49
"y1.PC.54",10,49
"y0.PC.54",11,49
"eff.prob.54",0.969411291179221,49
"fut.prob.54",0.432325666716477,49
"eff.mix.prob.54",0.152054416190876,49
"box.skpt.54",0.377233005444086,49
"box.enth.54",0.836956803900972,49
"box.ni.54",NA,49
"y1.IP.56",21,49
"y0.IP.56",14,49
"y1.PC.56",10,49
"y0.PC.56",11,49
"eff.prob.56",0.96413891098153,49
"fut.prob.56",0.457375334614647,49
"eff.mix.prob.56",0.151186514016476,49
"box.skpt.56",0.439598791783986,49
"box.enth.56",0.861791739870954,49
"box.ni.56",NA,49
"y1.IP.58",21,49
"y0.IP.58",14,49
"y1.PC.58",11,49
"y0.PC.58",12,49
"eff.prob.58",0.964090168338605,49
"fut.prob.58",0.46079344197324,49
"eff.mix.prob.58",0.151357607936199,49
"box.skpt.58",0.444024860765551,49
"box.enth.58",0.85607232051593,49
"box.ni.58",NA,49
"y1.IP.60",21,49
"y0.IP.60",15,49
"y1.PC.60",11,49
"y0.PC.60",13,49
"eff.prob.60",0.963931443714189,49
"fut.prob.60",0.465005971311497,49
"eff.mix.prob.60",0.150374788663217,49
"box.skpt.60",0.474894614391153,49
"box.enth.60",0.902304213434672,49
"box.ni.60",NA,49
"y1.IP.62",21,49
"y0.IP.62",15,49
"y1.PC.62",11,49
"y0.PC.62",15,49
"eff.prob.62",0.973088837679943,49
"fut.prob.62",0.425502162910808,49
"eff.mix.prob.62",0.15024880903571,49
"box.skpt.62",0.390969517783039,49
"box.enth.62",0.913639003143991,49
"box.ni.62",NA,49
"y1.IP.64",21,49
"y0.IP.64",15,49
"y1.PC.64",11,49
"y0.PC.64",17,49
"eff.prob.64",0.979725009900551,49
"fut.prob.64",0.388929661060896,49
"eff.mix.prob.64",0.150818853529291,49
"box.skpt.64",0.305588806535715,49
"box.enth.64",0.87639126640685,49
"box.ni.64",NA,49
"y1.IP.66",NA,49
"y0.IP.66",NA,49
"y1.PC.66",NA,49
"y0.PC.66",NA,49
"eff.prob.66",NA,49
"fut.prob.66",NA,49
"eff.mix.prob.66",NA,49
"box.skpt.66",NA,49
"box.enth.66",NA,49
"box.ni.66",NA,49
"y1.IP.68",NA,49
"y0.IP.68",NA,49
"y1.PC.68",NA,49
"y0.PC.68",NA,49
"eff.prob.68",NA,49
"fut.prob.68",NA,49
"eff.mix.prob.68",NA,49
"box.skpt.68",NA,49
"box.enth.68",NA,49
"box.ni.68",NA,49
"y1.IP.70",NA,49
"y0.IP.70",NA,49
"y1.PC.70",NA,49
"y0.PC.70",NA,49
"eff.prob.70",NA,49
"fut.prob.70",NA,49
"eff.mix.prob.70",NA,49
"box.skpt.70",NA,49
"box.enth.70",NA,49
"box.ni.70",NA,49
"y1.IP.72",NA,49
"y0.IP.72",NA,49
"y1.PC.72",NA,49
"y0.PC.72",NA,49
"eff.prob.72",NA,49
"fut.prob.72",NA,49
"eff.mix.prob.72",NA,49
"box.skpt.72",NA,49
"box.enth.72",NA,49
"box.ni.72",NA,49
"y1.IP.74",NA,49
"y0.IP.74",NA,49
"y1.PC.74",NA,49
"y0.PC.74",NA,49
"eff.prob.74",NA,49
"fut.prob.74",NA,49
"eff.mix.prob.74",NA,49
"box.skpt.74",NA,49
"box.enth.74",NA,49
"box.ni.74",NA,49
"y1.IP.76",NA,49
"y0.IP.76",NA,49
"y1.PC.76",NA,49
"y0.PC.76",NA,49
"eff.prob.76",NA,49
"fut.prob.76",NA,49
"eff.mix.prob.76",NA,49
"box.skpt.76",NA,49
"box.enth.76",NA,49
"box.ni.76",NA,49
"y1.IP.78",NA,49
"y0.IP.78",NA,49
"y1.PC.78",NA,49
"y0.PC.78",NA,49
"eff.prob.78",NA,49
"fut.prob.78",NA,49
"eff.mix.prob.78",NA,49
"box.skpt.78",NA,49
"box.enth.78",NA,49
"box.ni.78",NA,49
"y1.IP.80",NA,49
"y0.IP.80",NA,49
"y1.PC.80",NA,49
"y0.PC.80",NA,49
"eff.prob.80",NA,49
"fut.prob.80",NA,49
"eff.mix.prob.80",NA,49
"box.skpt.80",NA,49
"box.enth.80",NA,49
"box.ni.80",NA,49
"y1.IP.82",NA,49
"y0.IP.82",NA,49
"y1.PC.82",NA,49
"y0.PC.82",NA,49
"eff.prob.82",NA,49
"fut.prob.82",NA,49
"eff.mix.prob.82",NA,49
"box.skpt.82",NA,49
"box.enth.82",NA,49
"box.ni.82",NA,49
"y1.IP.84",NA,49
"y0.IP.84",NA,49
"y1.PC.84",NA,49
"y0.PC.84",NA,49
"eff.prob.84",NA,49
"fut.prob.84",NA,49
"eff.mix.prob.84",NA,49
"box.skpt.84",NA,49
"box.enth.84",NA,49
"box.ni.84",NA,49
"y1.IP.86",NA,49
"y0.IP.86",NA,49
"y1.PC.86",NA,49
"y0.PC.86",NA,49
"eff.prob.86",NA,49
"fut.prob.86",NA,49
"eff.mix.prob.86",NA,49
"box.skpt.86",NA,49
"box.enth.86",NA,49
"box.ni.86",NA,49
"y1.IP.88",NA,49
"y0.IP.88",NA,49
"y1.PC.88",NA,49
"y0.PC.88",NA,49
"eff.prob.88",NA,49
"fut.prob.88",NA,49
"eff.mix.prob.88",NA,49
"box.skpt.88",NA,49
"box.enth.88",NA,49
"box.ni.88",NA,49
"y1.IP.90",NA,49
"y0.IP.90",NA,49
"y1.PC.90",NA,49
"y0.PC.90",NA,49
"eff.prob.90",NA,49
"fut.prob.90",NA,49
"eff.mix.prob.90",NA,49
"box.skpt.90",NA,49
"box.enth.90",NA,49
"box.ni.90",NA,49
"y1.IP.92",NA,49
"y0.IP.92",NA,49
"y1.PC.92",NA,49
"y0.PC.92",NA,49
"eff.prob.92",NA,49
"fut.prob.92",NA,49
"eff.mix.prob.92",NA,49
"box.skpt.92",NA,49
"box.enth.92",NA,49
"box.ni.92",NA,49
"y1.IP.initial",21,49
"y0.IP.initial",15,49
"y1.PC.initial",11,49
"y0.PC.initial",17,49
"eff.prob.initial",0.979725009900551,49
"fut.prob.initial",0.388929661060896,49
"eff.mix.prob.initial",0.150818853529291,49
"box.skpt.initial",0.305588806535715,49
"box.enth.initial",0.87639126640685,49
"box.ni.initial",NA,49
"y1.IP.final",28,49
"y0.IP.final",25,49
"y1.PC.final",17,49
"y0.PC.final",22,49
"eff.prob.final",0.955737806963841,49
"fut.prob.final",0.543726628278592,49
"eff.mix.prob.final",0.150101268091797,49
"box.skpt.final",0.621481057085487,49
"box.enth.final",0.934112954958878,49
"box.ni.final",NA,49
