"","X1","idx"
"y1.IP.50",20,6
"y0.IP.50",13,6
"y1.PC.50",10,6
"y0.PC.50",9,6
"eff.prob.50",0.774983615447504,6
"fut.prob.50",0.494759977586214,6
"eff.mix.prob.50",0.75,6
"box.skpt.50",NA,6
"box.enth.50",NA,6
"box.ni.50",NA,6
"y1.IP.52",20,6
"y0.IP.52",13,6
"y1.PC.52",10,6
"y0.PC.52",9,6
"eff.prob.52",0.774983615447504,6
"fut.prob.52",0.494759977586214,6
"eff.mix.prob.52",0.75,6
"box.skpt.52",NA,6
"box.enth.52",NA,6
"box.ni.52",NA,6
"y1.IP.54",21,6
"y0.IP.54",13,6
"y1.PC.54",10,6
"y0.PC.54",11,6
"eff.prob.54",0.834353253473377,6
"fut.prob.54",0.432325666716477,6
"eff.mix.prob.54",0.75,6
"box.skpt.54",NA,6
"box.enth.54",NA,6
"box.ni.54",NA,6
"y1.IP.56",21,6
"y0.IP.56",14,6
"y1.PC.56",10,6
"y0.PC.56",11,6
"eff.prob.56",0.814974157880367,6
"fut.prob.56",0.457375334614647,6
"eff.mix.prob.56",0.75,6
"box.skpt.56",NA,6
"box.enth.56",NA,6
"box.ni.56",NA,6
"y1.IP.58",21,6
"y0.IP.58",14,6
"y1.PC.58",11,6
"y0.PC.58",12,6
"eff.prob.58",0.815563854552863,6
"fut.prob.58",0.46079344197324,6
"eff.mix.prob.58",0.75,6
"box.skpt.58",NA,6
"box.enth.58",NA,6
"box.ni.58",NA,6
"y1.IP.60",21,6
"y0.IP.60",15,6
"y1.PC.60",11,6
"y0.PC.60",13,6
"eff.prob.60",0.815024795778038,6
"fut.prob.60",0.465005971311497,6
"eff.mix.prob.60",0.75,6
"box.skpt.60",NA,6
"box.enth.60",NA,6
"box.ni.60",NA,6
"y1.IP.62",21,6
"y0.IP.62",15,6
"y1.PC.62",11,6
"y0.PC.62",15,6
"eff.prob.62",0.849428732690882,6
"fut.prob.62",0.425502162910808,6
"eff.mix.prob.62",0.75,6
"box.skpt.62",NA,6
"box.enth.62",NA,6
"box.ni.62",NA,6
"y1.IP.64",21,6
"y0.IP.64",15,6
"y1.PC.64",11,6
"y0.PC.64",17,6
"eff.prob.64",0.877898448684077,6
"fut.prob.64",0.388929661060896,6
"eff.mix.prob.64",0.75,6
"box.skpt.64",NA,6
"box.enth.64",NA,6
"box.ni.64",NA,6
"y1.IP.66",22,6
"y0.IP.66",16,6
"y1.PC.66",11,6
"y0.PC.66",17,6
"eff.prob.66",0.877383790698535,6
"fut.prob.66",0.393258750560276,6
"eff.mix.prob.66",0.75,6
"box.skpt.66",NA,6
"box.enth.66",NA,6
"box.ni.66",NA,6
"y1.IP.68",22,6
"y0.IP.68",17,6
"y1.PC.68",11,6
"y0.PC.68",18,6
"eff.prob.68",0.876219406767014,6
"fut.prob.68",0.398602891551395,6
"eff.mix.prob.68",0.75,6
"box.skpt.68",NA,6
"box.enth.68",NA,6
"box.ni.68",NA,6
"y1.IP.70",22,6
"y0.IP.70",18,6
"y1.PC.70",12,6
"y0.PC.70",18,6
"eff.prob.70",0.844003912255651,6
"fut.prob.70",0.447364602543066,6
"eff.mix.prob.70",0.75,6
"box.skpt.70",NA,6
"box.enth.70",NA,6
"box.ni.70",NA,6
"y1.IP.72",23,6
"y0.IP.72",18,6
"y1.PC.72",12,6
"y0.PC.72",19,6
"eff.prob.72",0.873512151554529,6
"fut.prob.72",0.409570150037658,6
"eff.mix.prob.72",0.75,6
"box.skpt.72",NA,6
"box.enth.72",NA,6
"box.ni.72",NA,6
"y1.IP.74",24,6
"y0.IP.74",18,6
"y1.PC.74",13,6
"y0.PC.74",19,6
"eff.prob.74",0.872035778548266,6
"fut.prob.74",0.415078194226177,6
"eff.mix.prob.74",0.75,6
"box.skpt.74",NA,6
"box.enth.74",NA,6
"box.ni.74",NA,6
"y1.IP.76",24,6
"y0.IP.76",19,6
"y1.PC.76",13,6
"y0.PC.76",20,6
"eff.prob.76",0.870861529233688,6
"fut.prob.76",0.420437016218892,6
"eff.mix.prob.76",0.75,6
"box.skpt.76",NA,6
"box.enth.76",NA,6
"box.ni.76",NA,6
"y1.IP.78",25,6
"y0.IP.78",20,6
"y1.PC.78",13,6
"y0.PC.78",22,6
"eff.prob.78",0.895418773477524,6
"fut.prob.78",0.388776526270409,6
"eff.mix.prob.78",0.75,6
"box.skpt.78",NA,6
"box.enth.78",NA,6
"box.ni.78",NA,6
"y1.IP.80",25,6
"y0.IP.80",20,6
"y1.PC.80",13,6
"y0.PC.80",22,6
"eff.prob.80",0.895418773477524,6
"fut.prob.80",0.388776526270409,6
"eff.mix.prob.80",0.75,6
"box.skpt.80",NA,6
"box.enth.80",NA,6
"box.ni.80",NA,6
"y1.IP.82",25,6
"y0.IP.82",21,6
"y1.PC.82",14,6
"y0.PC.82",22,6
"eff.prob.82",0.867202892089016,6
"fut.prob.82",0.43647923279427,6
"eff.mix.prob.82",0.75,6
"box.skpt.82",NA,6
"box.enth.82",NA,6
"box.ni.82",NA,6
"y1.IP.84",26,6
"y0.IP.84",22,6
"y1.PC.84",16,6
"y0.PC.84",22,6
"eff.prob.84",0.833415888712807,6
"fut.prob.84",0.489860861209323,6
"eff.mix.prob.84",0.75,6
"box.skpt.84",NA,6
"box.enth.84",NA,6
"box.ni.84",NA,6
"y1.IP.86",26,6
"y0.IP.86",22,6
"y1.PC.86",16,6
"y0.PC.86",22,6
"eff.prob.86",0.833415888712807,6
"fut.prob.86",0.489860861209323,6
"eff.mix.prob.86",0.75,6
"box.skpt.86",NA,6
"box.enth.86",NA,6
"box.ni.86",NA,6
"y1.IP.88",27,6
"y0.IP.88",23,6
"y1.PC.88",16,6
"y0.PC.88",22,6
"eff.prob.88",0.833625762856954,6
"fut.prob.88",0.493092988054606,6
"eff.mix.prob.88",0.75,6
"box.skpt.88",NA,6
"box.enth.88",NA,6
"box.ni.88",NA,6
"y1.IP.90",27,6
"y0.IP.90",25,6
"y1.PC.90",16,6
"y0.PC.90",22,6
"eff.prob.90",0.800831303249213,6
"fut.prob.90",0.537185109326575,6
"eff.mix.prob.90",0.75,6
"box.skpt.90",NA,6
"box.enth.90",NA,6
"box.ni.90",NA,6
"y1.IP.92",28,6
"y0.IP.92",25,6
"y1.PC.92",17,6
"y0.PC.92",22,6
"eff.prob.92",0.798016324217636,6
"fut.prob.92",0.543726628278592,6
"eff.mix.prob.92",0.75,6
"box.skpt.92",NA,6
"box.enth.92",NA,6
"box.ni.92",NA,6
"y1.IP.initial",28,6
"y0.IP.initial",25,6
"y1.PC.initial",17,6
"y0.PC.initial",22,6
"eff.prob.initial",0.798016324217636,6
"fut.prob.initial",0.543726628278592,6
"eff.mix.prob.initial",0.75,6
"box.skpt.initial",NA,6
"box.enth.initial",NA,6
"box.ni.initial",NA,6
"y1.IP.final",28,6
"y0.IP.final",25,6
"y1.PC.final",17,6
"y0.PC.final",22,6
"eff.prob.final",0.798016324217636,6
"fut.prob.final",0.543726628278592,6
"eff.mix.prob.final",0.75,6
"box.skpt.final",NA,6
"box.enth.final",NA,6
"box.ni.final",NA,6
