"","X1","idx"
"y1.IP.50",20,7
"y0.IP.50",13,7
"y1.PC.50",10,7
"y0.PC.50",9,7
"eff.prob.50",0.7932733015932,7
"fut.prob.50",0.494759977586214,7
"eff.mix.prob.50",0.7,7
"box.skpt.50",NA,7
"box.enth.50",NA,7
"box.ni.50",NA,7
"y1.IP.52",20,7
"y0.IP.52",13,7
"y1.PC.52",10,7
"y0.PC.52",9,7
"eff.prob.52",0.7932733015932,7
"fut.prob.52",0.494759977586214,7
"eff.mix.prob.52",0.7,7
"box.skpt.52",NA,7
"box.enth.52",NA,7
"box.ni.52",NA,7
"y1.IP.54",21,7
"y0.IP.54",13,7
"y1.PC.54",10,7
"y0.PC.54",11,7
"eff.prob.54",0.850360755625257,7
"fut.prob.54",0.432325666716477,7
"eff.mix.prob.54",0.7,7
"box.skpt.54",NA,7
"box.enth.54",NA,7
"box.ni.54",NA,7
"y1.IP.56",21,7
"y0.IP.56",14,7
"y1.PC.56",10,7
"y0.PC.56",11,7
"eff.prob.56",0.831769614069789,7
"fut.prob.56",0.457375334614647,7
"eff.mix.prob.56",0.7,7
"box.skpt.56",NA,7
"box.enth.56",NA,7
"box.ni.56",NA,7
"y1.IP.58",21,7
"y0.IP.58",14,7
"y1.PC.58",11,7
"y0.PC.58",12,7
"eff.prob.58",0.832247310118758,7
"fut.prob.58",0.46079344197324,7
"eff.mix.prob.58",0.7,7
"box.skpt.58",NA,7
"box.enth.58",NA,7
"box.ni.58",NA,7
"y1.IP.60",21,7
"y0.IP.60",15,7
"y1.PC.60",11,7
"y0.PC.60",13,7
"eff.prob.60",0.831636590876735,7
"fut.prob.60",0.465005971311497,7
"eff.mix.prob.60",0.7,7
"box.skpt.60",NA,7
"box.enth.60",NA,7
"box.ni.60",NA,7
"y1.IP.62",21,7
"y0.IP.62",15,7
"y1.PC.62",11,7
"y0.PC.62",15,7
"eff.prob.62",0.864418413987958,7
"fut.prob.62",0.425502162910808,7
"eff.mix.prob.62",0.7,7
"box.skpt.62",NA,7
"box.enth.62",NA,7
"box.ni.62",NA,7
"y1.IP.64",21,7
"y0.IP.64",15,7
"y1.PC.64",11,7
"y0.PC.64",17,7
"eff.prob.64",0.891183080888215,7
"fut.prob.64",0.388929661060896,7
"eff.mix.prob.64",0.7,7
"box.skpt.64",NA,7
"box.enth.64",NA,7
"box.ni.64",NA,7
"y1.IP.66",22,7
"y0.IP.66",16,7
"y1.PC.66",11,7
"y0.PC.66",17,7
"eff.prob.66",0.890642174143564,7
"fut.prob.66",0.393258750560276,7
"eff.mix.prob.66",0.7,7
"box.skpt.66",NA,7
"box.enth.66",NA,7
"box.ni.66",NA,7
"y1.IP.68",22,7
"y0.IP.68",17,7
"y1.PC.68",11,7
"y0.PC.68",18,7
"eff.prob.68",0.889485614630702,7
"fut.prob.68",0.398602891551395,7
"eff.mix.prob.68",0.7,7
"box.skpt.68",NA,7
"box.enth.68",NA,7
"box.ni.68",NA,7
"y1.IP.70",22,7
"y0.IP.70",18,7
"y1.PC.70",12,7
"y0.PC.70",18,7
"eff.prob.70",0.858965832541587,7
"fut.prob.70",0.447364602543066,7
"eff.mix.prob.70",0.7,7
"box.skpt.70",NA,7
"box.enth.70",NA,7
"box.ni.70",NA,7
"y1.IP.72",23,7
"y0.IP.72",18,7
"y1.PC.72",12,7
"y0.PC.72",19,7
"eff.prob.72",0.886829721166564,7
"fut.prob.72",0.409570150037658,7
"eff.mix.prob.72",0.7,7
"box.skpt.72",NA,7
"box.enth.72",NA,7
"box.ni.72",NA,7
"y1.IP.74",24,7
"y0.IP.74",18,7
"y1.PC.74",13,7
"y0.PC.74",19,7
"eff.prob.74",0.885392516230968,7
"fut.prob.74",0.415078194226177,7
"eff.mix.prob.74",0.7,7
"box.skpt.74",NA,7
"box.enth.74",NA,7
"box.ni.74",NA,7
"y1.IP.76",24,7
"y0.IP.76",19,7
"y1.PC.76",13,7
"y0.PC.76",20,7
"eff.prob.76",0.884221097300947,7
"fut.prob.76",0.420437016218892,7
"eff.mix.prob.76",0.7,7
"box.skpt.76",NA,7
"box.enth.76",NA,7
"box.ni.76",NA,7
"y1.IP.78",25,7
"y0.IP.78",20,7
"y1.PC.78",13,7
"y0.PC.78",22,7
"eff.prob.78",0.907103448730886,7
"fut.prob.78",0.388776526270409,7
"eff.mix.prob.78",0.7,7
"box.skpt.78",NA,7
"box.enth.78",NA,7
"box.ni.78",NA,7
"y1.IP.80",25,7
"y0.IP.80",20,7
"y1.PC.80",13,7
"y0.PC.80",22,7
"eff.prob.80",0.907103448730886,7
"fut.prob.80",0.388776526270409,7
"eff.mix.prob.80",0.7,7
"box.skpt.80",NA,7
"box.enth.80",NA,7
"box.ni.80",NA,7
"y1.IP.82",25,7
"y0.IP.82",21,7
"y1.PC.82",14,7
"y0.PC.82",22,7
"eff.prob.82",0.880588264347534,7
"fut.prob.82",0.43647923279427,7
"eff.mix.prob.82",0.7,7
"box.skpt.82",NA,7
"box.enth.82",NA,7
"box.ni.82",NA,7
"y1.IP.84",26,7
"y0.IP.84",22,7
"y1.PC.84",16,7
"y0.PC.84",22,7
"eff.prob.84",0.848301036182127,7
"fut.prob.84",0.489860861209323,7
"eff.mix.prob.84",0.7,7
"box.skpt.84",NA,7
"box.enth.84",NA,7
"box.ni.84",NA,7
"y1.IP.86",26,7
"y0.IP.86",22,7
"y1.PC.86",16,7
"y0.PC.86",22,7
"eff.prob.86",0.848301036182127,7
"fut.prob.86",0.489860861209323,7
"eff.mix.prob.86",0.7,7
"box.skpt.86",NA,7
"box.enth.86",NA,7
"box.ni.86",NA,7
"y1.IP.88",27,7
"y0.IP.88",23,7
"y1.PC.88",16,7
"y0.PC.88",22,7
"eff.prob.88",0.848435687832583,7
"fut.prob.88",0.493092988054606,7
"eff.mix.prob.88",0.7,7
"box.skpt.88",NA,7
"box.enth.88",NA,7
"box.ni.88",NA,7
"y1.IP.90",27,7
"y0.IP.90",25,7
"y1.PC.90",16,7
"y0.PC.90",22,7
"eff.prob.90",0.816702678679479,7
"fut.prob.90",0.537185109326575,7
"eff.mix.prob.90",0.7,7
"box.skpt.90",NA,7
"box.enth.90",NA,7
"box.ni.90",NA,7
"y1.IP.92",28,7
"y0.IP.92",25,7
"y1.PC.92",17,7
"y0.PC.92",22,7
"eff.prob.92",0.813908141630503,7
"fut.prob.92",0.543726628278592,7
"eff.mix.prob.92",0.7,7
"box.skpt.92",NA,7
"box.enth.92",NA,7
"box.ni.92",NA,7
"y1.IP.initial",28,7
"y0.IP.initial",25,7
"y1.PC.initial",17,7
"y0.PC.initial",22,7
"eff.prob.initial",0.813908141630503,7
"fut.prob.initial",0.543726628278592,7
"eff.mix.prob.initial",0.7,7
"box.skpt.initial",NA,7
"box.enth.initial",NA,7
"box.ni.initial",NA,7
"y1.IP.final",28,7
"y0.IP.final",25,7
"y1.PC.final",17,7
"y0.PC.final",22,7
"eff.prob.final",0.813908141630503,7
"fut.prob.final",0.543726628278592,7
"eff.mix.prob.final",0.7,7
"box.skpt.final",NA,7
"box.enth.final",NA,7
"box.ni.final",NA,7
