"","X1","idx"
"y1.IP.50",20,8
"y0.IP.50",13,8
"y1.PC.50",10,8
"y0.PC.50",9,8
"eff.prob.50",0.81079530581026,8
"fut.prob.50",0.494759977586214,8
"eff.mix.prob.50",0.65,8
"box.skpt.50",NA,8
"box.enth.50",NA,8
"box.ni.50",NA,8
"y1.IP.52",20,8
"y0.IP.52",13,8
"y1.PC.52",10,8
"y0.PC.52",9,8
"eff.prob.52",0.81079530581026,8
"fut.prob.52",0.494759977586214,8
"eff.mix.prob.52",0.65,8
"box.skpt.52",NA,8
"box.enth.52",NA,8
"box.ni.52",NA,8
"y1.IP.54",21,8
"y0.IP.54",13,8
"y1.PC.54",10,8
"y0.PC.54",11,8
"eff.prob.54",0.865193597565786,8
"fut.prob.54",0.432325666716477,8
"eff.mix.prob.54",0.65,8
"box.skpt.54",NA,8
"box.enth.54",NA,8
"box.ni.54",NA,8
"y1.IP.56",21,8
"y0.IP.56",14,8
"y1.PC.56",10,8
"y0.PC.56",11,8
"eff.prob.56",0.847531402472028,8
"fut.prob.56",0.457375334614647,8
"eff.mix.prob.56",0.65,8
"box.skpt.56",NA,8
"box.enth.56",NA,8
"box.ni.56",NA,8
"y1.IP.58",21,8
"y0.IP.58",14,8
"y1.PC.58",11,8
"y0.PC.58",12,8
"eff.prob.58",0.847914021572848,8
"fut.prob.58",0.46079344197324,8
"eff.mix.prob.58",0.65,8
"box.skpt.58",NA,8
"box.enth.58",NA,8
"box.ni.58",NA,8
"y1.IP.60",21,8
"y0.IP.60",15,8
"y1.PC.60",11,8
"y0.PC.60",13,8
"eff.prob.60",0.847257677318323,8
"fut.prob.60",0.465005971311497,8
"eff.mix.prob.60",0.65,8
"box.skpt.60",NA,8
"box.enth.60",NA,8
"box.ni.60",NA,8
"y1.IP.62",21,8
"y0.IP.62",15,8
"y1.PC.62",11,8
"y0.PC.62",15,8
"eff.prob.62",0.878219296807478,8
"fut.prob.62",0.425502162910808,8
"eff.mix.prob.62",0.65,8
"box.skpt.62",NA,8
"box.enth.62",NA,8
"box.ni.62",NA,8
"y1.IP.64",21,8
"y0.IP.64",15,8
"y1.PC.64",11,8
"y0.PC.64",17,8
"eff.prob.64",0.903171299835928,8
"fut.prob.64",0.388929661060896,8
"eff.mix.prob.64",0.65,8
"box.skpt.64",NA,8
"box.enth.64",NA,8
"box.ni.64",NA,8
"y1.IP.66",22,8
"y0.IP.66",16,8
"y1.PC.66",11,8
"y0.PC.66",17,8
"eff.prob.66",0.902623572936413,8
"fut.prob.66",0.393258750560276,8
"eff.mix.prob.66",0.65,8
"box.skpt.66",NA,8
"box.enth.66",NA,8
"box.ni.66",NA,8
"y1.IP.68",22,8
"y0.IP.68",17,8
"y1.PC.68",11,8
"y0.PC.68",18,8
"eff.prob.68",0.901498542411833,8
"fut.prob.68",0.398602891551395,8
"eff.mix.prob.68",0.65,8
"box.skpt.68",NA,8
"box.enth.68",NA,8
"box.ni.68",NA,8
"y1.IP.70",22,8
"y0.IP.70",18,8
"y1.PC.70",12,8
"y0.PC.70",18,8
"eff.prob.70",0.872848213431092,8
"fut.prob.70",0.447364602543066,8
"eff.mix.prob.70",0.65,8
"box.skpt.70",NA,8
"box.enth.70",NA,8
"box.ni.70",NA,8
"y1.IP.72",23,8
"y0.IP.72",18,8
"y1.PC.72",12,8
"y0.PC.72",19,8
"eff.prob.72",0.898937540499829,8
"fut.prob.72",0.409570150037658,8
"eff.mix.prob.72",0.65,8
"box.skpt.72",NA,8
"box.enth.72",NA,8
"box.ni.72",NA,8
"y1.IP.74",24,8
"y0.IP.74",18,8
"y1.PC.74",13,8
"y0.PC.74",19,8
"eff.prob.74",0.897559190678538,8
"fut.prob.74",0.415078194226177,8
"eff.mix.prob.74",0.65,8
"box.skpt.74",NA,8
"box.enth.74",NA,8
"box.ni.74",NA,8
"y1.IP.76",24,8
"y0.IP.76",19,8
"y1.PC.76",13,8
"y0.PC.76",20,8
"eff.prob.76",0.896414465390542,8
"fut.prob.76",0.420437016218892,8
"eff.mix.prob.76",0.65,8
"box.skpt.76",NA,8
"box.enth.76",NA,8
"box.ni.76",NA,8
"y1.IP.78",25,8
"y0.IP.78",20,8
"y1.PC.78",13,8
"y0.PC.78",22,8
"eff.prob.78",0.91757794417188,8
"fut.prob.78",0.388776526270409,8
"eff.mix.prob.78",0.65,8
"box.skpt.78",NA,8
"box.enth.78",NA,8
"box.ni.78",NA,8
"y1.IP.80",25,8
"y0.IP.80",20,8
"y1.PC.80",13,8
"y0.PC.80",22,8
"eff.prob.80",0.91757794417188,8
"fut.prob.80",0.388776526270409,8
"eff.mix.prob.80",0.65,8
"box.skpt.80",NA,8
"box.enth.80",NA,8
"box.ni.80",NA,8
"y1.IP.82",25,8
"y0.IP.82",21,8
"y1.PC.82",14,8
"y0.PC.82",22,8
"eff.prob.82",0.892874270075831,8
"fut.prob.82",0.43647923279427,8
"eff.mix.prob.82",0.65,8
"box.skpt.82",NA,8
"box.enth.82",NA,8
"box.ni.82",NA,8
"y1.IP.84",26,8
"y0.IP.84",22,8
"y1.PC.84",16,8
"y0.PC.84",22,8
"eff.prob.84",0.862305100035095,8
"fut.prob.84",0.489860861209323,8
"eff.mix.prob.84",0.65,8
"box.skpt.84",NA,8
"box.enth.84",NA,8
"box.ni.84",NA,8
"y1.IP.86",26,8
"y0.IP.86",22,8
"y1.PC.86",16,8
"y0.PC.86",22,8
"eff.prob.86",0.862305100035095,8
"fut.prob.86",0.489860861209323,8
"eff.mix.prob.86",0.65,8
"box.skpt.86",NA,8
"box.enth.86",NA,8
"box.ni.86",NA,8
"y1.IP.88",27,8
"y0.IP.88",23,8
"y1.PC.88",16,8
"y0.PC.88",22,8
"eff.prob.88",0.862378678487951,8
"fut.prob.88",0.493092988054606,8
"eff.mix.prob.88",0.65,8
"box.skpt.88",NA,8
"box.enth.88",NA,8
"box.ni.88",NA,8
"y1.IP.90",27,8
"y0.IP.90",25,8
"y1.PC.90",16,8
"y0.PC.90",22,8
"eff.prob.90",0.831949696259776,8
"fut.prob.90",0.537185109326575,8
"eff.mix.prob.90",0.65,8
"box.skpt.90",NA,8
"box.enth.90",NA,8
"box.ni.90",NA,8
"y1.IP.92",28,8
"y0.IP.92",25,8
"y1.PC.92",17,8
"y0.PC.92",22,8
"eff.prob.92",0.829207499003152,8
"fut.prob.92",0.543726628278592,8
"eff.mix.prob.92",0.65,8
"box.skpt.92",NA,8
"box.enth.92",NA,8
"box.ni.92",NA,8
"y1.IP.initial",28,8
"y0.IP.initial",25,8
"y1.PC.initial",17,8
"y0.PC.initial",22,8
"eff.prob.initial",0.829207499003152,8
"fut.prob.initial",0.543726628278592,8
"eff.mix.prob.initial",0.65,8
"box.skpt.initial",NA,8
"box.enth.initial",NA,8
"box.ni.initial",NA,8
"y1.IP.final",28,8
"y0.IP.final",25,8
"y1.PC.final",17,8
"y0.PC.final",22,8
"eff.prob.final",0.829207499003152,8
"fut.prob.final",0.543726628278592,8
"eff.mix.prob.final",0.65,8
"box.skpt.final",NA,8
"box.enth.final",NA,8
"box.ni.final",NA,8
