"","X1","idx"
"y1.IP.50",20,9
"y0.IP.50",13,9
"y1.PC.50",10,9
"y0.PC.50",9,9
"eff.prob.50",0.827596968020603,9
"fut.prob.50",0.494759977586214,9
"eff.mix.prob.50",0.6,9
"box.skpt.50",NA,9
"box.enth.50",NA,9
"box.ni.50",NA,9
"y1.IP.52",20,9
"y0.IP.52",13,9
"y1.PC.52",10,9
"y0.PC.52",9,9
"eff.prob.52",0.827596968020603,9
"fut.prob.52",0.494759977586214,9
"eff.mix.prob.52",0.6,9
"box.skpt.52",NA,9
"box.enth.52",NA,9
"box.ni.52",NA,9
"y1.IP.54",21,9
"y0.IP.54",13,9
"y1.PC.54",10,9
"y0.PC.54",11,9
"eff.prob.54",0.87897650124973,9
"fut.prob.54",0.432325666716477,9
"eff.mix.prob.54",0.6,9
"box.skpt.54",NA,9
"box.enth.54",NA,9
"box.ni.54",NA,9
"y1.IP.56",21,9
"y0.IP.56",14,9
"y1.PC.56",10,9
"y0.PC.56",11,9
"eff.prob.56",0.862352099149159,9
"fut.prob.56",0.457375334614647,9
"eff.mix.prob.56",0.6,9
"box.skpt.56",NA,9
"box.enth.56",NA,9
"box.ni.56",NA,9
"y1.IP.58",21,9
"y0.IP.58",14,9
"y1.PC.58",11,9
"y0.PC.58",12,9
"eff.prob.58",0.862654186008626,9
"fut.prob.58",0.46079344197324,9
"eff.mix.prob.58",0.6,9
"box.skpt.58",NA,9
"box.enth.58",NA,9
"box.ni.58",NA,9
"y1.IP.60",21,9
"y0.IP.60",15,9
"y1.PC.60",11,9
"y0.PC.60",13,9
"eff.prob.60",0.861974115931998,9
"fut.prob.60",0.465005971311497,9
"eff.mix.prob.60",0.6,9
"box.skpt.60",NA,9
"box.enth.60",NA,9
"box.ni.60",NA,9
"y1.IP.62",21,9
"y0.IP.62",15,9
"y1.PC.62",11,9
"y0.PC.62",15,9
"eff.prob.62",0.890967408599086,9
"fut.prob.62",0.425502162910808,9
"eff.mix.prob.62",0.6,9
"box.skpt.62",NA,9
"box.enth.62",NA,9
"box.ni.62",NA,9
"y1.IP.64",21,9
"y0.IP.64",15,9
"y1.PC.64",11,9
"y0.PC.64",17,9
"eff.prob.64",0.914044047187957,9
"fut.prob.64",0.388929661060896,9
"eff.mix.prob.64",0.6,9
"box.skpt.64",NA,9
"box.enth.64",NA,9
"box.ni.64",NA,9
"y1.IP.66",22,9
"y0.IP.66",16,9
"y1.PC.66",11,9
"y0.PC.66",17,9
"eff.prob.66",0.913504000358279,9
"fut.prob.66",0.393258750560276,9
"eff.mix.prob.66",0.6,9
"box.skpt.66",NA,9
"box.enth.66",NA,9
"box.ni.66",NA,9
"y1.IP.68",22,9
"y0.IP.68",17,9
"y1.PC.68",11,9
"y0.PC.68",18,9
"eff.prob.68",0.912427778553619,9
"fut.prob.68",0.398602891551395,9
"eff.mix.prob.68",0.6,9
"box.skpt.68",NA,9
"box.enth.68",NA,9
"box.ni.68",NA,9
"y1.IP.70",22,9
"y0.IP.70",18,9
"y1.PC.70",12,9
"y0.PC.70",18,9
"eff.prob.70",0.885763823787721,9
"fut.prob.70",0.447364602543066,9
"eff.mix.prob.70",0.6,9
"box.skpt.70",NA,9
"box.enth.70",NA,9
"box.ni.70",NA,9
"y1.IP.72",23,9
"y0.IP.72",18,9
"y1.PC.72",12,9
"y0.PC.72",19,9
"eff.prob.72",0.909993286143793,9
"fut.prob.72",0.409570150037658,9
"eff.mix.prob.72",0.6,9
"box.skpt.72",NA,9
"box.enth.72",NA,9
"box.ni.72",NA,9
"y1.IP.74",24,9
"y0.IP.74",18,9
"y1.PC.74",13,9
"y0.PC.74",19,9
"eff.prob.74",0.908688067579271,9
"fut.prob.74",0.415078194226177,9
"eff.mix.prob.74",0.6,9
"box.skpt.74",NA,9
"box.enth.74",NA,9
"box.ni.74",NA,9
"y1.IP.76",24,9
"y0.IP.76",19,9
"y1.PC.76",13,9
"y0.PC.76",20,9
"eff.prob.76",0.907587949370686,9
"fut.prob.76",0.420437016218892,9
"eff.mix.prob.76",0.6,9
"box.skpt.76",NA,9
"box.enth.76",NA,9
"box.ni.76",NA,9
"y1.IP.78",25,9
"y0.IP.78",20,9
"y1.PC.78",13,9
"y0.PC.78",22,9
"eff.prob.78",0.927021010390032,9
"fut.prob.78",0.388776526270409,9
"eff.mix.prob.78",0.6,9
"box.skpt.78",NA,9
"box.enth.78",NA,9
"box.ni.78",NA,9
"y1.IP.80",25,9
"y0.IP.80",20,9
"y1.PC.80",13,9
"y0.PC.80",22,9
"eff.prob.80",0.927021010390032,9
"fut.prob.80",0.388776526270409,9
"eff.mix.prob.80",0.6,9
"box.skpt.80",NA,9
"box.enth.80",NA,9
"box.ni.80",NA,9
"y1.IP.82",25,9
"y0.IP.82",21,9
"y1.PC.82",14,9
"y0.PC.82",22,9
"eff.prob.82",0.904191006362404,9
"fut.prob.82",0.43647923279427,9
"eff.mix.prob.82",0.6,9
"box.skpt.82",NA,9
"box.enth.82",NA,9
"box.ni.82",NA,9
"y1.IP.84",26,9
"y0.IP.84",22,9
"y1.PC.84",16,9
"y0.PC.84",22,9
"eff.prob.84",0.875504061357285,9
"fut.prob.84",0.489860861209323,9
"eff.mix.prob.84",0.6,9
"box.skpt.84",NA,9
"box.enth.84",NA,9
"box.ni.84",NA,9
"y1.IP.86",26,9
"y0.IP.86",22,9
"y1.PC.86",16,9
"y0.PC.86",22,9
"eff.prob.86",0.875504061357285,9
"fut.prob.86",0.489860861209323,9
"eff.mix.prob.86",0.6,9
"box.skpt.86",NA,9
"box.enth.86",NA,9
"box.ni.86",NA,9
"y1.IP.88",27,9
"y0.IP.88",23,9
"y1.PC.88",16,9
"y0.PC.88",22,9
"eff.prob.88",0.87552869229023,9
"fut.prob.88",0.493092988054606,9
"eff.mix.prob.88",0.6,9
"box.skpt.88",NA,9
"box.enth.88",NA,9
"box.ni.88",NA,9
"y1.IP.90",27,9
"y0.IP.90",25,9
"y1.PC.90",16,9
"y0.PC.90",22,9
"eff.prob.90",0.846608487366094,9
"fut.prob.90",0.537185109326575,9
"eff.mix.prob.90",0.6,9
"box.skpt.90",NA,9
"box.enth.90",NA,9
"box.ni.90",NA,9
"y1.IP.92",28,9
"y0.IP.92",25,9
"y1.PC.92",17,9
"y0.PC.92",22,9
"eff.prob.92",0.843946921156818,9
"fut.prob.92",0.543726628278592,9
"eff.mix.prob.92",0.6,9
"box.skpt.92",NA,9
"box.enth.92",NA,9
"box.ni.92",NA,9
"y1.IP.initial",28,9
"y0.IP.initial",25,9
"y1.PC.initial",17,9
"y0.PC.initial",22,9
"eff.prob.initial",0.843946921156818,9
"fut.prob.initial",0.543726628278592,9
"eff.mix.prob.initial",0.6,9
"box.skpt.initial",NA,9
"box.enth.initial",NA,9
"box.ni.initial",NA,9
"y1.IP.final",28,9
"y0.IP.final",25,9
"y1.PC.final",17,9
"y0.PC.final",22,9
"eff.prob.final",0.843946921156818,9
"fut.prob.final",0.543726628278592,9
"eff.mix.prob.final",0.6,9
"box.skpt.final",NA,9
"box.enth.final",NA,9
"box.ni.final",NA,9
